<?xml version="1.0" encoding="UTF-8"?>
<metadata xml:lang="zh"><Esri><CreaDate>20161117</CreaDate><CreaTime>11351200</CreaTime><ArcGISFormat>1.0</ArcGISFormat><SyncOnce>TRUE</SyncOnce><DataProperties><itemProps><itemLocation><linkage Sync="TRUE">file://\\HXJ-PC\D$\VS_project\DXApplication2\MapUtils\bin\Debug\Map\CSX\businessPoint</linkage><protocol Sync="TRUE">Local Area Network</protocol></itemLocation></itemProps><copyHistory><copy source="D:\VS_project\DXApplication2\DXApplication2\bin\Debug\Map\baseMap\CSX\businessPoint" dest="\\HXJ-PC\D$\VS_project\DXApplication2\MapUtils\bin\Debug\Map\CSX\businessPoint" date="20161117" time="11351200"></copy></copyHistory></DataProperties></Esri></metadata>
