<?xml version="1.0"?>
<!--<!DOCTYPE metadata SYSTEM "http://www.esri.com/metadata/esriprof80.dtd">-->
<metadata xml:lang="zh"><Esri><MetaID>{C4CBCA35-E3CF-4CA8-B9C8-091B64ABE233}</MetaID><CreaDate>20110112</CreaDate><CreaTime>09024000</CreaTime><SyncOnce>FALSE</SyncOnce><SyncDate>20161107</SyncDate><SyncTime>15344500</SyncTime><ModDate>20161107</ModDate><ModTime>15344500</ModTime><DataProperties><lineage><Process ToolSource="D:\Program Files\ArcGIS\ArcToolbox\Toolboxes\Data Management Tools.tbx\Merge" Date="20110112" Time="090244">Merge D:\导航数据\试点总队\上海data\DH_PT县政府.shp;D:\导航数据\试点总队\云南data\DH_PT县政府.shp;D:\导航数据\试点总队\内蒙古data\DH_PT县政府.shp;D:\导航数据\试点总队\北京data\DH_PT县政府.shp;D:\导航数据\试点总队\吉林data\DH_PT县政府.shp;D:\导航数据\试点总队\四川data\DH_PT县政府.shp;D:\导航数据\试点总队\天津data\DH_PT县政府.shp;D:\导航数据\试点总队\宁夏data\DH_PT县政府.shp;D:\导航数据\试点总队\安徽data\DH_PT县政府.shp;D:\导航数据\试点总队\山东data\DH_PT县政府.shp;D:\导航数据\试点总队\山西data\DH_PT县政府.shp;D:\导航数据\试点总队\广东data\DH_PT县政府.shp;D:\导航数据\试点总队\广西data\DH_PT县政府.shp;D:\导航数据\试点总队\新疆data\DH_PT县政府.shp;D:\导航数据\试点总队\江苏data\DH_PT县政府.shp;D:\导航数据\试点总队\江西data\DH_PT县政府.shp;D:\导航数据\试点总队\河北数据\DH_PT县政府.shp;D:\导航数据\试点总队\河南data\DH_PT县政府.shp;D:\导航数据\试点总队\浙江data\DH_PT县政府.shp;D:\导航数据\试点总队\海南data\DH_PT县政府.shp;D:\导航数据\试点总队\湖北数据\DH_PT县政府.shp;D:\导航数据\试点总队\湖南date\DH_PT县政府.shp;D:\导航数据\试点总队\甘肃data\DH_PT县政府.shp;D:\导航数据\试点总队\福建data\DH_PT县政府.shp;D:\导航数据\试点总队\西藏data\DH_PT县政府.shp;D:\导航数据\试点总队\贵州data\DH_PT县政府.shp;D:\导航数据\试点总队\辽宁date\DH_PT县政府.shp;D:\导航数据\试点总队\重庆数据\DH_PT县政府.shp;D:\导航数据\试点总队\陕西data\DH_PT县政府.shp;D:\导航数据\试点总队\青海data\DH_PT县政府.shp;D:\导航数据\试点总队\黑龙江数据\DH_PT县政府.shp D:\导航数据\试点总队\合并图层\点\DH_PT县政府.shp "ID 'ID' true true false 13 Text 0 0 ,First,#,D:\导航数据\试点总队\上海data\DH_PT县政府.shp,ID,-1,-1,D:\导航数据\试点总队\云南data\DH_PT县政府.shp,ID,-1,-1,D:\导航数据\试点总队\内蒙古data\DH_PT县政府.shp,ID,-1,-1,D:\导航数据\试点总队\北京data\DH_PT县政府.shp,ID,-1,-1,D:\导航数据\试点总队\吉林data\DH_PT县政府.shp,ID,-1,-1,D:\导航数据\试点总队\四川data\DH_PT县政府.shp,ID,-1,-1,D:\导航数据\试点总队\天津data\DH_PT县政府.shp,ID,-1,-1,D:\导航数据\试点总队\宁夏data\DH_PT县政府.shp,ID,-1,-1,D:\导航数据\试点总队\安徽data\DH_PT县政府.shp,ID,-1,-1,D:\导航数据\试点总队\山东data\DH_PT县政府.shp,ID,-1,-1,D:\导航数据\试点总队\山西data\DH_PT县政府.shp,ID,-1,-1,D:\导航数据\试点总队\广东data\DH_PT县政府.shp,ID,-1,-1,D:\导航数据\试点总队\广西data\DH_PT县政府.shp,ID,-1,-1,D:\导航数据\试点总队\新疆data\DH_PT县政府.shp,ID,-1,-1,D:\导航数据\试点总队\江苏data\DH_PT县政府.shp,ID,-1,-1,D:\导航数据\试点总队\江西data\DH_PT县政府.shp,ID,-1,-1,D:\导航数据\试点总队\河北数据\DH_PT县政府.shp,ID,-1,-1,D:\导航数据\试点总队\河南data\DH_PT县政府.shp,ID,-1,-1,D:\导航数据\试点总队\浙江data\DH_PT县政府.shp,ID,-1,-1,D:\导航数据\试点总队\海南data\DH_PT县政府.shp,ID,-1,-1,D:\导航数据\试点总队\湖北数据\DH_PT县政府.shp,ID,-1,-1,D:\导航数据\试点总队\湖南date\DH_PT县政府.shp,ID,-1,-1,D:\导航数据\试点总队\甘肃data\DH_PT县政府.shp,ID,-1,-1,D:\导航数据\试点总队\福建data\DH_PT县政府.shp,ID,-1,-1,D:\导航数据\试点总队\西藏data\DH_PT县政府.shp,ID,-1,-1,D:\导航数据\试点总队\贵州data\DH_PT县政府.shp,ID,-1,-1,D:\导航数据\试点总队\辽宁date\DH_PT县政府.shp,ID,-1,-1,D:\导航数据\试点总队\重庆数据\DH_PT县政府.shp,ID,-1,-1,D:\导航数据\试点总队\陕西data\DH_PT县政府.shp,ID,-1,-1,D:\导航数据\试点总队\青海data\DH_PT县政府.shp,ID,-1,-1,D:\导航数据\试点总队\黑龙江数据\DH_PT县政府.shp,ID,-1,-1;Kind 'Kind' true true false 4 Text 0 0 ,First,#,D:\导航数据\试点总队\上海data\DH_PT县政府.shp,Kind,-1,-1,D:\导航数据\试点总队\云南data\DH_PT县政府.shp,Kind,-1,-1,D:\导航数据\试点总队\内蒙古data\DH_PT县政府.shp,Kind,-1,-1,D:\导航数据\试点总队\北京data\DH_PT县政府.shp,Kind,-1,-1,D:\导航数据\试点总队\吉林data\DH_PT县政府.shp,Kind,-1,-1,D:\导航数据\试点总队\四川data\DH_PT县政府.shp,Kind,-1,-1,D:\导航数据\试点总队\天津data\DH_PT县政府.shp,Kind,-1,-1,D:\导航数据\试点总队\宁夏data\DH_PT县政府.shp,Kind,-1,-1,D:\导航数据\试点总队\安徽data\DH_PT县政府.shp,Kind,-1,-1,D:\导航数据\试点总队\山东data\DH_PT县政府.shp,Kind,-1,-1,D:\导航数据\试点总队\山西data\DH_PT县政府.shp,Kind,-1,-1,D:\导航数据\试点总队\广东data\DH_PT县政府.shp,Kind,-1,-1,D:\导航数据\试点总队\广西data\DH_PT县政府.shp,Kind,-1,-1,D:\导航数据\试点总队\新疆data\DH_PT县政府.shp,Kind,-1,-1,D:\导航数据\试点总队\江苏data\DH_PT县政府.shp,Kind,-1,-1,D:\导航数据\试点总队\江西data\DH_PT县政府.shp,Kind,-1,-1,D:\导航数据\试点总队\河北数据\DH_PT县政府.shp,Kind,-1,-1,D:\导航数据\试点总队\河南data\DH_PT县政府.shp,Kind,-1,-1,D:\导航数据\试点总队\浙江data\DH_PT县政府.shp,Kind,-1,-1,D:\导航数据\试点总队\海南data\DH_PT县政府.shp,Kind,-1,-1,D:\导航数据\试点总队\湖北数据\DH_PT县政府.shp,Kind,-1,-1,D:\导航数据\试点总队\湖南date\DH_PT县政府.shp,Kind,-1,-1,D:\导航数据\试点总队\甘肃data\DH_PT县政府.shp,Kind,-1,-1,D:\导航数据\试点总队\福建data\DH_PT县政府.shp,Kind,-1,-1,D:\导航数据\试点总队\西藏data\DH_PT县政府.shp,Kind,-1,-1,D:\导航数据\试点总队\贵州data\DH_PT县政府.shp,Kind,-1,-1,D:\导航数据\试点总队\辽宁date\DH_PT县政府.shp,Kind,-1,-1,D:\导航数据\试点总队\重庆数据\DH_PT县政府.shp,Kind,-1,-1,D:\导航数据\试点总队\陕西data\DH_PT县政府.shp,Kind,-1,-1,D:\导航数据\试点总队\青海data\DH_PT县政府.shp,Kind,-1,-1,D:\导航数据\试点总队\黑龙江数据\DH_PT县政府.shp,Kind,-1,-1;Name 'Name' true true false 254 Text 0 0 ,First,#,D:\导航数据\试点总队\上海data\DH_PT县政府.shp,Name,-1,-1,D:\导航数据\试点总队\云南data\DH_PT县政府.shp,Name,-1,-1,D:\导航数据\试点总队\内蒙古data\DH_PT县政府.shp,Name,-1,-1,D:\导航数据\试点总队\北京data\DH_PT县政府.shp,Name,-1,-1,D:\导航数据\试点总队\吉林data\DH_PT县政府.shp,Name,-1,-1,D:\导航数据\试点总队\四川data\DH_PT县政府.shp,Name,-1,-1,D:\导航数据\试点总队\天津data\DH_PT县政府.shp,Name,-1,-1,D:\导航数据\试点总队\宁夏data\DH_PT县政府.shp,Name,-1,-1,D:\导航数据\试点总队\安徽data\DH_PT县政府.shp,Name,-1,-1,D:\导航数据\试点总队\山东data\DH_PT县政府.shp,Name,-1,-1,D:\导航数据\试点总队\山西data\DH_PT县政府.shp,Name,-1,-1,D:\导航数据\试点总队\广东data\DH_PT县政府.shp,Name,-1,-1,D:\导航数据\试点总队\广西data\DH_PT县政府.shp,Name,-1,-1,D:\导航数据\试点总队\新疆data\DH_PT县政府.shp,Name,-1,-1,D:\导航数据\试点总队\江苏data\DH_PT县政府.shp,Name,-1,-1,D:\导航数据\试点总队\江西data\DH_PT县政府.shp,Name,-1,-1,D:\导航数据\试点总队\河北数据\DH_PT县政府.shp,Name,-1,-1,D:\导航数据\试点总队\河南data\DH_PT县政府.shp,Name,-1,-1,D:\导航数据\试点总队\浙江data\DH_PT县政府.shp,Name,-1,-1,D:\导航数据\试点总队\海南data\DH_PT县政府.shp,Name,-1,-1,D:\导航数据\试点总队\湖北数据\DH_PT县政府.shp,Name,-1,-1,D:\导航数据\试点总队\湖南date\DH_PT县政府.shp,Name,-1,-1,D:\导航数据\试点总队\甘肃data\DH_PT县政府.shp,Name,-1,-1,D:\导航数据\试点总队\福建data\DH_PT县政府.shp,Name,-1,-1,D:\导航数据\试点总队\西藏data\DH_PT县政府.shp,Name,-1,-1,D:\导航数据\试点总队\贵州data\DH_PT县政府.shp,Name,-1,-1,D:\导航数据\试点总队\辽宁date\DH_PT县政府.shp,Name,-1,-1,D:\导航数据\试点总队\重庆数据\DH_PT县政府.shp,Name,-1,-1,D:\导航数据\试点总队\陕西data\DH_PT县政府.shp,Name,-1,-1,D:\导航数据\试点总队\青海data\DH_PT县政府.shp,Name,-1,-1,D:\导航数据\试点总队\黑龙江数据\DH_PT县政府.shp,Name,-1,-1;MapID 'MapID' true true false 8 Text 0 0 ,First,#,D:\导航数据\试点总队\吉林data\DH_PT县政府.shp,MapID,-1,-1,D:\导航数据\试点总队\浙江data\DH_PT县政府.shp,MapID,-1,-1;Class 'Class' true true false 1 Text 0 0 ,First,#,D:\导航数据\试点总队\吉林data\DH_PT县政府.shp,Class,-1,-1,D:\导航数据\试点总队\浙江data\DH_PT县政府.shp,Class,-1,-1;OID_ 'OID_' true true false 9 Long 0 9 ,First,#,D:\导航数据\试点总队\吉林data\DH_PT县政府.shp,OID_,-1,-1,D:\导航数据\试点总队\浙江data\DH_PT县政府.shp,OID_,-1,-1;FeatID 'FeatID' true true false 13 Text 0 0 ,First,#,D:\导航数据\试点总队\吉林data\DH_PT县政府.shp,FeatID,-1,-1,D:\导航数据\试点总队\浙江data\DH_PT县政府.shp,FeatID,-1,-1;NameType 'NameType' true true false 2 Text 0 0 ,First,#,D:\导航数据\试点总队\吉林data\DH_PT县政府.shp,NameType,-1,-1,D:\导航数据\试点总队\浙江data\DH_PT县政府.shp,NameType,-1,-1;PY 'PY' true true false 254 Text 0 0 ,First,#,D:\导航数据\试点总队\吉林data\DH_PT县政府.shp,PY,-1,-1,D:\导航数据\试点总队\浙江data\DH_PT县政府.shp,PY,-1,-1;Seq_Nm 'Seq_Nm' true true false 2 Text 0 0 ,First,#,D:\导航数据\试点总队\吉林data\DH_PT县政府.shp,Seq_Nm,-1,-1,D:\导航数据\试点总队\浙江data\DH_PT县政府.shp,Seq_Nm,-1,-1;SignNumFlg 'SignNumFlg' true true false 1 Text 0 0 ,First,#,D:\导航数据\试点总队\吉林data\DH_PT县政府.shp,SignNumFlg,-1,-1,D:\导航数据\试点总队\浙江data\DH_PT县政府.shp,SignNumFlg,-1,-1;SignNameTp 'SignNameTp' true true false 1 Text 0 0 ,First,#,D:\导航数据\试点总队\吉林data\DH_PT县政府.shp,SignNameTp,-1,-1,D:\导航数据\试点总队\浙江data\DH_PT县政府.shp,SignNameTp,-1,-1;Language 'Language' true true false 2 Text 0 0 ,First,#,D:\导航数据\试点总队\吉林data\DH_PT县政府.shp,Language,-1,-1,D:\导航数据\试点总队\浙江data\DH_PT县政府.shp,Language,-1,-1;NameFlag 'NameFlag' true true false 1 Text 0 0 ,First,#,D:\导航数据\试点总队\吉林data\DH_PT县政府.shp,NameFlag,-1,-1,D:\导航数据\试点总队\浙江data\DH_PT县政府.shp,NameFlag,-1,-1"</Process><Process ToolSource="D:\ArcGIS\ArcToolbox\Toolboxes\Data Management Tools.tbx\CopyFeatures" Date="20110112" Time="161506">CopyFeatures E:\试点总队\合并图层\全国总队\DH_PT县政府.shp D:\全国总队.gdb\DH_PT县政府 # 0 0 0</Process><Process ToolSource="C:\ArcGIS\ArcToolbox\Toolboxes\Data Management Tools.tbx\CopyFeatures" Date="20110414" Time="103153">CopyFeatures C:\全国总队.gdb\DH_PT县政府 C:\全国总队\全国总队.gdb\qgzd\DH_PT县政府 # 0 0 0</Process><Process ToolSource="C:\Program Files\ArcGIS\ArcToolbox\Toolboxes\Analysis Tools.tbx\Clip" Date="20130626" Time="160803">Clip E:\msd_mxd_gdb\全国总队.gdb\qgzd\DH_PT县政府 E:\msd_mxd_gdb\湖南省行政区划.shp E:\msd_mxd_gdb\全国总队.gdb\qgzd\DH_PT县政府_Clip #</Process><Process ToolSource="C:\Program Files (x86)\ArcGIS\Desktop10.0\ArcToolbox\Toolboxes\Analysis Tools.tbx\Clip" Date="20161107" Time="153446">Clip DH_PT县政府 CSX D:\VS_project\DXApplication2\DXApplication2\bin\Debug\Map\baseMap\CSX\Government.shp #</Process></lineage><itemProps><itemName Sync="TRUE">Government</itemName><imsContentType Sync="TRUE">002</imsContentType><itemSize Sync="TRUE">0.000</itemSize><itemLocation><linkage Sync="TRUE">file://\\HXJ-PC\D$\VS_project\DXApplication2\DXApplication2\bin\Debug\Map\baseMap\CSX\Government.shp</linkage><protocol Sync="TRUE">Local Area Network</protocol></itemLocation></itemProps><coordRef><type Sync="TRUE">Geographic</type><geogcsn Sync="TRUE">GCS_WGS_1984</geogcsn><peXml Sync="TRUE">&lt;GeographicCoordinateSystem xsi:type='typens:GeographicCoordinateSystem' xmlns:xsi='http://www.w3.org/2001/XMLSchema-instance' xmlns:xs='http://www.w3.org/2001/XMLSchema' xmlns:typens='http://www.esri.com/schemas/ArcGIS/10.0'&gt;&lt;WKT&gt;GEOGCS[&amp;quot;GCS_WGS_1984&amp;quot;,DATUM[&amp;quot;D_WGS_1984&amp;quot;,SPHEROID[&amp;quot;WGS_1984&amp;quot;,6378137.0,298.257223563]],PRIMEM[&amp;quot;Greenwich&amp;quot;,0.0],UNIT[&amp;quot;Degree&amp;quot;,0.0174532925199433]],VERTCS[&amp;quot;WGS_1984&amp;quot;,DATUM[&amp;quot;D_WGS_1984&amp;quot;,SPHEROID[&amp;quot;WGS_1984&amp;quot;,6378137.0,298.257223563]],PARAMETER[&amp;quot;Vertical_Shift&amp;quot;,0.0],PARAMETER[&amp;quot;Direction&amp;quot;,1.0],UNIT[&amp;quot;Meter&amp;quot;,1.0]]&lt;/WKT&gt;&lt;XOrigin&gt;-399.99999999999989&lt;/XOrigin&gt;&lt;YOrigin&gt;-399.99999999999989&lt;/YOrigin&gt;&lt;XYScale&gt;11258999068426.24&lt;/XYScale&gt;&lt;ZOrigin&gt;-100000&lt;/ZOrigin&gt;&lt;ZScale&gt;10000&lt;/ZScale&gt;&lt;MOrigin&gt;-100000&lt;/MOrigin&gt;&lt;MScale&gt;10000&lt;/MScale&gt;&lt;XYTolerance&gt;8.9831528411952133e-009&lt;/XYTolerance&gt;&lt;ZTolerance&gt;0.001&lt;/ZTolerance&gt;&lt;MTolerance&gt;0.001&lt;/MTolerance&gt;&lt;HighPrecision&gt;true&lt;/HighPrecision&gt;&lt;LeftLongitude&gt;-180&lt;/LeftLongitude&gt;&lt;WKID&gt;4326&lt;/WKID&gt;&lt;VCSWKID&gt;115700&lt;/VCSWKID&gt;&lt;/GeographicCoordinateSystem&gt;</peXml></coordRef></DataProperties></Esri><idinfo><native Sync="TRUE">Microsoft Windows 2000 Version 5.2 (Build 3790) Service Pack 2; ESRI ArcCatalog 9.3.1.3000</native><descript><langdata Sync="TRUE">zh</langdata><abstract>REQUIRED: A brief narrative summary of the data set.</abstract><purpose>REQUIRED: A summary of the intentions with which the data set was developed.</purpose></descript><citation><citeinfo><origin>REQUIRED: The name of an organization or individual that developed the data set.</origin><pubdate>REQUIRED: The date when the data set is published or otherwise made available for release.</pubdate><title Sync="TRUE">DH_PT县政府_Clip</title><ftname Sync="TRUE">DH_PT县政府_Clip</ftname><geoform Sync="TRUE">vector digital data</geoform><onlink Sync="TRUE">\\CDZD-45CAE7E9A2\E\msd_mxd_gdb\全国总队.gdb</onlink></citeinfo></citation><timeperd><current>REQUIRED: The basis on which the time period of content information is determined.</current><timeinfo><sngdate><caldate>REQUIRED: The year (and optionally month, or month and day) for which the data set corresponds to the ground.</caldate></sngdate></timeinfo></timeperd><status><progress>REQUIRED: The state of the data set.</progress><update>REQUIRED: The frequency with which changes and additions are made to the data set after the initial data set is completed.</update></status><spdom><bounding><westbc Sync="TRUE">REQUIRED: Western-most coordinate of the limit of coverage expressed in longitude.</westbc><eastbc Sync="TRUE">REQUIRED: Eastern-most coordinate of the limit of coverage expressed in longitude.</eastbc><northbc Sync="TRUE">REQUIRED: Northern-most coordinate of the limit of coverage expressed in latitude.</northbc><southbc Sync="TRUE">REQUIRED: Southern-most coordinate of the limit of coverage expressed in latitude.</southbc></bounding></spdom><keywords><theme><themekt>REQUIRED: Reference to a formally registered thesaurus or a similar authoritative source of theme keywords.</themekt><themekey>REQUIRED: Common-use word or phrase used to describe the subject of the data set.</themekey></theme></keywords><accconst>REQUIRED: Restrictions and legal prerequisites for accessing the data set.</accconst><useconst>REQUIRED: Restrictions and legal prerequisites for using the data set after access is granted.</useconst><natvform Sync="TRUE">File Geodatabase Feature Class</natvform></idinfo><dataIdInfo><envirDesc Sync="TRUE"> Version 6.2 (Build 9200) ; ESRI ArcGIS 10.0.0.2414</envirDesc><dataLang><languageCode Sync="TRUE" value="zho" country="CHN"></languageCode></dataLang><idCitation><resTitle Sync="TRUE">Government</resTitle><presForm><PresFormCd Sync="TRUE" value="005"></PresFormCd></presForm></idCitation><spatRpType><SpatRepTypCd Sync="TRUE" value="001"></SpatRepTypCd></spatRpType><descKeys><thesaName uuidref="723f6998-058e-11dc-8314-0800200c9a66"></thesaName><keyword Sync="TRUE">002</keyword></descKeys></dataIdInfo><metainfo><langmeta Sync="TRUE">zh</langmeta><metstdn Sync="TRUE">FGDC Content Standards for Digital Geospatial Metadata</metstdn><metstdv Sync="TRUE">FGDC-STD-001-1998</metstdv><mettc Sync="TRUE">local time</mettc><metc><cntinfo><cntorgp><cntper>REQUIRED: The person responsible for the metadata information.</cntper><cntorg>REQUIRED: The organization responsible for the metadata information.</cntorg></cntorgp><cntaddr><addrtype>REQUIRED: The mailing and/or physical address for the organization or individual.</addrtype><city>REQUIRED: The city of the address.</city><state>REQUIRED: The state or province of the address.</state><postal>REQUIRED: The ZIP or other postal code of the address.</postal></cntaddr><cntvoice>REQUIRED: The telephone number by which individuals can speak to the organization or individual.</cntvoice></cntinfo></metc><metd Sync="TRUE">20130626</metd></metainfo><mdLang><languageCode Sync="TRUE" value="zho"></languageCode></mdLang><mdStanName Sync="TRUE">ISO 19115 Geographic Information - Metadata</mdStanName><mdStanVer Sync="TRUE">DIS_ESRI1.0</mdStanVer><mdChar><CharSetCd Sync="TRUE" value="004"></CharSetCd></mdChar><mdHrLv><ScopeCd Sync="TRUE" value="005"></ScopeCd></mdHrLv><mdHrLvName Sync="TRUE">dataset</mdHrLvName><distinfo><resdesc Sync="TRUE">Downloadable Data</resdesc><stdorder><digform><digtinfo><transize Sync="TRUE">0.000</transize><dssize Sync="TRUE">0.000</dssize></digtinfo></digform></stdorder></distinfo><distInfo><distributor><distorTran><onLineSrc><orDesc Sync="TRUE">002</orDesc><linkage Sync="TRUE">file://\\CDZD-45CAE7E9A2\E\msd_mxd_gdb\全国总队.gdb</linkage><protocol Sync="TRUE">Local Area Network</protocol></onLineSrc><transSize Sync="TRUE">0.000</transSize></distorTran><distorFormat><formatName Sync="TRUE">File Geodatabase Feature Class</formatName></distorFormat></distributor><distFormat><formatName Sync="TRUE">Shapefile</formatName></distFormat><distTranOps><transSize Sync="TRUE">0.000</transSize></distTranOps></distInfo><spdoinfo><direct Sync="TRUE">Vector</direct><ptvctinf><esriterm Name="Government"><efeatyp Sync="TRUE">Simple</efeatyp><efeageom Sync="TRUE">1</efeageom><esritopo Sync="TRUE">FALSE</esritopo><efeacnt Sync="TRUE">0</efeacnt><spindex Sync="TRUE">FALSE</spindex><linrefer Sync="TRUE">FALSE</linrefer></esriterm></ptvctinf></spdoinfo><spref><horizsys><cordsysn><geogcsn Sync="TRUE">GCS_WGS_1984</geogcsn></cordsysn><geograph><geogunit Sync="TRUE">Decimal degrees</geogunit><latres Sync="TRUE">0.000000</latres><longres Sync="TRUE">0.000000</longres></geograph><geodetic><horizdn Sync="TRUE">D_WGS_1984</horizdn><ellips Sync="TRUE">WGS_1984</ellips><semiaxis Sync="TRUE">6378137.000000</semiaxis><denflat Sync="TRUE">298.257224</denflat></geodetic></horizsys><vertdef><altsys><altenc Sync="TRUE">Explicit elevation coordinate included with horizontal coordinates</altenc><altres Sync="TRUE">0.000100</altres></altsys></vertdef></spref><refSysInfo><RefSystem><refSysID><identCode Sync="TRUE" code="4326">GCS_WGS_1984</identCode><idCodeSpace Sync="TRUE">EPSG</idCodeSpace><idVersion Sync="TRUE">7.4.1</idVersion></refSysID></RefSystem></refSysInfo><spatRepInfo><VectSpatRep><topLvl><TopoLevCd Sync="TRUE" value="001"></TopoLevCd></topLvl><geometObjs Name="DH_PT县政府_Clip"><geoObjTyp><GeoObjTypCd Sync="TRUE" value="004"></GeoObjTypCd><geoObjCnt Sync="TRUE">0</geoObjCnt></geoObjTyp><geoObjCnt Sync="TRUE">0</geoObjCnt></geometObjs></VectSpatRep></spatRepInfo><eainfo><detailed Name="Government"><enttyp><enttypl Sync="TRUE">Government</enttypl><enttypt Sync="TRUE">Feature Class</enttypt><enttypc Sync="TRUE">0</enttypc></enttyp><attr><attrlabl Sync="TRUE">FID</attrlabl><attalias Sync="TRUE">FID</attalias><attrtype Sync="TRUE">OID</attrtype><attwidth Sync="TRUE">4</attwidth><atprecis Sync="TRUE">0</atprecis><attscale Sync="TRUE">0</attscale><attrdef Sync="TRUE">Internal feature number.</attrdef><attrdefs Sync="TRUE">ESRI</attrdefs><attrdomv><udom Sync="TRUE">Sequential unique whole numbers that are automatically generated.</udom></attrdomv></attr><attr><attrlabl Sync="TRUE">Shape</attrlabl><attalias Sync="TRUE">Shape</attalias><attrtype Sync="TRUE">Geometry</attrtype><attwidth Sync="TRUE">0</attwidth><atprecis Sync="TRUE">0</atprecis><attscale Sync="TRUE">0</attscale><attrdef Sync="TRUE">Feature geometry.</attrdef><attrdefs Sync="TRUE">ESRI</attrdefs><attrdomv><udom Sync="TRUE">Coordinates defining the features.</udom></attrdomv></attr><attr><attrlabl Sync="TRUE">ID</attrlabl><attalias Sync="TRUE">ID</attalias><attrtype Sync="TRUE">String</attrtype><attwidth Sync="TRUE">13</attwidth><atprecis Sync="TRUE">0</atprecis><attscale Sync="TRUE">0</attscale></attr><attr><attrlabl Sync="TRUE">Kind</attrlabl><attalias Sync="TRUE">Kind</attalias><attrtype Sync="TRUE">String</attrtype><attwidth Sync="TRUE">4</attwidth><atprecis Sync="TRUE">0</atprecis><attscale Sync="TRUE">0</attscale></attr><attr><attrlabl Sync="TRUE">Name</attrlabl><attalias Sync="TRUE">Name</attalias><attrtype Sync="TRUE">String</attrtype><attwidth Sync="TRUE">254</attwidth><atprecis Sync="TRUE">0</atprecis><attscale Sync="TRUE">0</attscale></attr><attr><attrlabl Sync="TRUE">MapID</attrlabl><attalias Sync="TRUE">MapID</attalias><attrtype Sync="TRUE">String</attrtype><attwidth Sync="TRUE">8</attwidth><atprecis Sync="TRUE">0</atprecis><attscale Sync="TRUE">0</attscale></attr><attr><attrlabl Sync="TRUE">Class</attrlabl><attalias Sync="TRUE">Class</attalias><attrtype Sync="TRUE">String</attrtype><attwidth Sync="TRUE">1</attwidth><atprecis Sync="TRUE">0</atprecis><attscale Sync="TRUE">0</attscale></attr><attr><attrlabl Sync="TRUE">OID_</attrlabl><attalias Sync="TRUE">OID_</attalias><attrtype Sync="TRUE">Integer</attrtype><attwidth Sync="TRUE">9</attwidth><atprecis Sync="TRUE">9</atprecis><attscale Sync="TRUE">0</attscale></attr><attr><attrlabl Sync="TRUE">FeatID</attrlabl><attalias Sync="TRUE">FeatID</attalias><attrtype Sync="TRUE">String</attrtype><attwidth Sync="TRUE">13</attwidth><atprecis Sync="TRUE">0</atprecis><attscale Sync="TRUE">0</attscale></attr><attr><attrlabl Sync="TRUE">NameType</attrlabl><attalias Sync="TRUE">NameType</attalias><attrtype Sync="TRUE">String</attrtype><attwidth Sync="TRUE">2</attwidth><atprecis Sync="TRUE">0</atprecis><attscale Sync="TRUE">0</attscale></attr><attr><attrlabl Sync="TRUE">PY</attrlabl><attalias Sync="TRUE">PY</attalias><attrtype Sync="TRUE">String</attrtype><attwidth Sync="TRUE">254</attwidth><atprecis Sync="TRUE">0</atprecis><attscale Sync="TRUE">0</attscale></attr><attr><attrlabl Sync="TRUE">Seq_Nm</attrlabl><attalias Sync="TRUE">Seq_Nm</attalias><attrtype Sync="TRUE">String</attrtype><attwidth Sync="TRUE">2</attwidth><atprecis Sync="TRUE">0</atprecis><attscale Sync="TRUE">0</attscale></attr><attr><attrlabl Sync="TRUE">SignNumFlg</attrlabl><attalias Sync="TRUE">SignNumFlg</attalias><attrtype Sync="TRUE">String</attrtype><attwidth Sync="TRUE">1</attwidth><atprecis Sync="TRUE">0</atprecis><attscale Sync="TRUE">0</attscale></attr><attr><attrlabl Sync="TRUE">SignNameTp</attrlabl><attalias Sync="TRUE">SignNameTp</attalias><attrtype Sync="TRUE">String</attrtype><attwidth Sync="TRUE">1</attwidth><atprecis Sync="TRUE">0</atprecis><attscale Sync="TRUE">0</attscale></attr><attr><attrlabl Sync="TRUE">Language</attrlabl><attalias Sync="TRUE">Language</attalias><attrtype Sync="TRUE">String</attrtype><attwidth Sync="TRUE">2</attwidth><atprecis Sync="TRUE">0</atprecis><attscale Sync="TRUE">0</attscale></attr><attr><attrlabl Sync="TRUE">NameFlag</attrlabl><attalias Sync="TRUE">NameFlag</attalias><attrtype Sync="TRUE">String</attrtype><attwidth Sync="TRUE">1</attwidth><atprecis Sync="TRUE">0</atprecis><attscale Sync="TRUE">0</attscale></attr></detailed></eainfo><mdDateSt Sync="TRUE">20161107</mdDateSt></metadata>
