<?xml version="1.0"?>
<!--<!DOCTYPE metadata SYSTEM "http://www.esri.com/metadata/esriprof80.dtd">-->
<metadata xml:lang="zh"><Esri><MetaID>{81D455EF-708B-4917-9160-BA36D6F4F5F1}</MetaID><CreaDate>20110112</CreaDate><CreaTime>10361200</CreaTime><SyncOnce>FALSE</SyncOnce><SyncDate>20161107</SyncDate><SyncTime>14270900</SyncTime><ModDate>20161107</ModDate><ModTime>14270900</ModTime><DataProperties><lineage><Process ToolSource="D:\Program Files (x86)\ArcGIS\ArcToolbox\Toolboxes\Data Management Tools.tbx\Merge" Date="20110112" Time="103622">Merge E:\试点总队\上海data\DH_PL行人道路.shp;E:\试点总队\云南data\DH_PL行人道路.shp;E:\试点总队\内蒙古data\DH_PL行人道路.shp;E:\试点总队\北京data\DH_PL行人道路.shp;E:\试点总队\吉林data\DH_PL行人道路.shp;E:\试点总队\四川data\DH_PL行人道路.shp;E:\试点总队\天津data\DH_PL行人道路.shp;E:\试点总队\宁夏data\DH_PL行人道路.shp;E:\试点总队\安徽data\DH_PL行人道路.shp;E:\试点总队\山东data\DH_PL行人道路.shp;E:\试点总队\山西data\DH_PL行人道路.shp;E:\试点总队\广东data\DH_PL行人道路.shp;E:\试点总队\广西data\DH_PL行人道路.shp;E:\试点总队\新疆data\DH_PL行人道路.shp;E:\试点总队\江苏data\DH_PL行人道路.shp;E:\试点总队\江西data\DH_PL行人道路.shp;E:\试点总队\河北数据\DH_PL行人道路.shp;E:\试点总队\河南data\DH_PL行人道路.shp;E:\试点总队\浙江data\DH_PL行人道路.shp;E:\试点总队\海南data\DH_PL行人道路.shp;E:\试点总队\湖北数据\DH_PL行人道路.shp;E:\试点总队\湖南date\DH_PL行人道路.shp;E:\试点总队\甘肃data\DH_PL行人道路.shp;E:\试点总队\福建data\DH_PL行人道路.shp;E:\试点总队\西藏data\DH_PL行人道路.shp;E:\试点总队\贵州data\DH_PL行人道路.shp;E:\试点总队\辽宁date\DH_PL行人道路shp.shp;E:\试点总队\重庆数据\DH_PL行人道路.shp;E:\试点总队\陕西data\DH_PL行人道路.shp;E:\试点总队\青海data\DH_PL行人道路.shp;E:\试点总队\黑龙江数据\DH_PL行人道路.shp E:\试点总队\合并图层\线图层\DH_PL行人道路.shp "MapID 'MapID' true true false 8 Text 0 0 ,First,#,E:\试点总队\上海data\DH_PL行人道路.shp,MapID,-1,-1,E:\试点总队\云南data\DH_PL行人道路.shp,MapID,-1,-1,E:\试点总队\内蒙古data\DH_PL行人道路.shp,MapID,-1,-1,E:\试点总队\北京data\DH_PL行人道路.shp,MapID,-1,-1,E:\试点总队\吉林data\DH_PL行人道路.shp,MapID,-1,-1,E:\试点总队\四川data\DH_PL行人道路.shp,MapID,-1,-1,E:\试点总队\天津data\DH_PL行人道路.shp,MapID,-1,-1,E:\试点总队\宁夏data\DH_PL行人道路.shp,MapID,-1,-1,E:\试点总队\安徽data\DH_PL行人道路.shp,MapID,-1,-1,E:\试点总队\山东data\DH_PL行人道路.shp,MapID,-1,-1,E:\试点总队\山西data\DH_PL行人道路.shp,MapID,-1,-1,E:\试点总队\广东data\DH_PL行人道路.shp,MapID,-1,-1,E:\试点总队\广西data\DH_PL行人道路.shp,MapID,-1,-1,E:\试点总队\新疆data\DH_PL行人道路.shp,MapID,-1,-1,E:\试点总队\江苏data\DH_PL行人道路.shp,MapID,-1,-1,E:\试点总队\江西data\DH_PL行人道路.shp,MapID,-1,-1,E:\试点总队\河北数据\DH_PL行人道路.shp,MapID,-1,-1,E:\试点总队\河南data\DH_PL行人道路.shp,MapID,-1,-1,E:\试点总队\浙江data\DH_PL行人道路.shp,MapID,-1,-1,E:\试点总队\海南data\DH_PL行人道路.shp,MapID,-1,-1,E:\试点总队\湖北数据\DH_PL行人道路.shp,MapID,-1,-1,E:\试点总队\湖南date\DH_PL行人道路.shp,MapID,-1,-1,E:\试点总队\甘肃data\DH_PL行人道路.shp,MapID,-1,-1,E:\试点总队\福建data\DH_PL行人道路.shp,MapID,-1,-1,E:\试点总队\西藏data\DH_PL行人道路.shp,MapID,-1,-1,E:\试点总队\贵州data\DH_PL行人道路.shp,MapID,-1,-1,E:\试点总队\辽宁date\DH_PL行人道路shp.shp,MapID,-1,-1,E:\试点总队\重庆数据\DH_PL行人道路.shp,MapID,-1,-1,E:\试点总队\陕西data\DH_PL行人道路.shp,MapID,-1,-1,E:\试点总队\青海data\DH_PL行人道路.shp,MapID,-1,-1,E:\试点总队\黑龙江数据\DH_PL行人道路.shp,MapID,-1,-1;ID 'ID' true true false 13 Text 0 0 ,First,#,E:\试点总队\上海data\DH_PL行人道路.shp,ID,-1,-1,E:\试点总队\云南data\DH_PL行人道路.shp,ID,-1,-1,E:\试点总队\内蒙古data\DH_PL行人道路.shp,ID,-1,-1,E:\试点总队\北京data\DH_PL行人道路.shp,ID,-1,-1,E:\试点总队\吉林data\DH_PL行人道路.shp,ID,-1,-1,E:\试点总队\四川data\DH_PL行人道路.shp,ID,-1,-1,E:\试点总队\天津data\DH_PL行人道路.shp,ID,-1,-1,E:\试点总队\宁夏data\DH_PL行人道路.shp,ID,-1,-1,E:\试点总队\安徽data\DH_PL行人道路.shp,ID,-1,-1,E:\试点总队\山东data\DH_PL行人道路.shp,ID,-1,-1,E:\试点总队\山西data\DH_PL行人道路.shp,ID,-1,-1,E:\试点总队\广东data\DH_PL行人道路.shp,ID,-1,-1,E:\试点总队\广西data\DH_PL行人道路.shp,ID,-1,-1,E:\试点总队\新疆data\DH_PL行人道路.shp,ID,-1,-1,E:\试点总队\江苏data\DH_PL行人道路.shp,ID,-1,-1,E:\试点总队\江西data\DH_PL行人道路.shp,ID,-1,-1,E:\试点总队\河北数据\DH_PL行人道路.shp,ID,-1,-1,E:\试点总队\河南data\DH_PL行人道路.shp,ID,-1,-1,E:\试点总队\浙江data\DH_PL行人道路.shp,ID,-1,-1,E:\试点总队\海南data\DH_PL行人道路.shp,ID,-1,-1,E:\试点总队\湖北数据\DH_PL行人道路.shp,ID,-1,-1,E:\试点总队\湖南date\DH_PL行人道路.shp,ID,-1,-1,E:\试点总队\甘肃data\DH_PL行人道路.shp,ID,-1,-1,E:\试点总队\福建data\DH_PL行人道路.shp,ID,-1,-1,E:\试点总队\西藏data\DH_PL行人道路.shp,ID,-1,-1,E:\试点总队\贵州data\DH_PL行人道路.shp,ID,-1,-1,E:\试点总队\辽宁date\DH_PL行人道路shp.shp,ID,-1,-1,E:\试点总队\重庆数据\DH_PL行人道路.shp,ID,-1,-1,E:\试点总队\陕西data\DH_PL行人道路.shp,ID,-1,-1,E:\试点总队\青海data\DH_PL行人道路.shp,ID,-1,-1,E:\试点总队\黑龙江数据\DH_PL行人道路.shp,ID,-1,-1;Kind_num 'Kind_num' true true false 2 Text 0 0 ,First,#,E:\试点总队\上海data\DH_PL行人道路.shp,Kind_num,-1,-1,E:\试点总队\云南data\DH_PL行人道路.shp,Kind_num,-1,-1,E:\试点总队\内蒙古data\DH_PL行人道路.shp,Kind_num,-1,-1,E:\试点总队\北京data\DH_PL行人道路.shp,Kind_num,-1,-1,E:\试点总队\吉林data\DH_PL行人道路.shp,Kind_num,-1,-1,E:\试点总队\四川data\DH_PL行人道路.shp,Kind_num,-1,-1,E:\试点总队\天津data\DH_PL行人道路.shp,Kind_num,-1,-1,E:\试点总队\宁夏data\DH_PL行人道路.shp,Kind_num,-1,-1,E:\试点总队\安徽data\DH_PL行人道路.shp,Kind_num,-1,-1,E:\试点总队\山东data\DH_PL行人道路.shp,Kind_num,-1,-1,E:\试点总队\山西data\DH_PL行人道路.shp,Kind_num,-1,-1,E:\试点总队\广东data\DH_PL行人道路.shp,Kind_num,-1,-1,E:\试点总队\广西data\DH_PL行人道路.shp,Kind_num,-1,-1,E:\试点总队\新疆data\DH_PL行人道路.shp,Kind_num,-1,-1,E:\试点总队\江苏data\DH_PL行人道路.shp,Kind_num,-1,-1,E:\试点总队\江西data\DH_PL行人道路.shp,Kind_num,-1,-1,E:\试点总队\河北数据\DH_PL行人道路.shp,Kind_num,-1,-1,E:\试点总队\河南data\DH_PL行人道路.shp,Kind_num,-1,-1,E:\试点总队\浙江data\DH_PL行人道路.shp,Kind_num,-1,-1,E:\试点总队\海南data\DH_PL行人道路.shp,Kind_num,-1,-1,E:\试点总队\湖北数据\DH_PL行人道路.shp,Kind_num,-1,-1,E:\试点总队\湖南date\DH_PL行人道路.shp,Kind_num,-1,-1,E:\试点总队\甘肃data\DH_PL行人道路.shp,Kind_num,-1,-1,E:\试点总队\福建data\DH_PL行人道路.shp,Kind_num,-1,-1,E:\试点总队\西藏data\DH_PL行人道路.shp,Kind_num,-1,-1,E:\试点总队\贵州data\DH_PL行人道路.shp,Kind_num,-1,-1,E:\试点总队\辽宁date\DH_PL行人道路shp.shp,Kind_num,-1,-1,E:\试点总队\重庆数据\DH_PL行人道路.shp,Kind_num,-1,-1,E:\试点总队\陕西data\DH_PL行人道路.shp,Kind_num,-1,-1,E:\试点总队\青海data\DH_PL行人道路.shp,Kind_num,-1,-1,E:\试点总队\黑龙江数据\DH_PL行人道路.shp,Kind_num,-1,-1;Kind 'Kind' true true false 23 Text 0 0 ,First,#,E:\试点总队\上海data\DH_PL行人道路.shp,Kind,-1,-1,E:\试点总队\云南data\DH_PL行人道路.shp,Kind,-1,-1,E:\试点总队\内蒙古data\DH_PL行人道路.shp,Kind,-1,-1,E:\试点总队\北京data\DH_PL行人道路.shp,Kind,-1,-1,E:\试点总队\吉林data\DH_PL行人道路.shp,Kind,-1,-1,E:\试点总队\四川data\DH_PL行人道路.shp,Kind,-1,-1,E:\试点总队\天津data\DH_PL行人道路.shp,Kind,-1,-1,E:\试点总队\宁夏data\DH_PL行人道路.shp,Kind,-1,-1,E:\试点总队\安徽data\DH_PL行人道路.shp,Kind,-1,-1,E:\试点总队\山东data\DH_PL行人道路.shp,Kind,-1,-1,E:\试点总队\山西data\DH_PL行人道路.shp,Kind,-1,-1,E:\试点总队\广东data\DH_PL行人道路.shp,Kind,-1,-1,E:\试点总队\广西data\DH_PL行人道路.shp,Kind,-1,-1,E:\试点总队\新疆data\DH_PL行人道路.shp,Kind,-1,-1,E:\试点总队\江苏data\DH_PL行人道路.shp,Kind,-1,-1,E:\试点总队\江西data\DH_PL行人道路.shp,Kind,-1,-1,E:\试点总队\河北数据\DH_PL行人道路.shp,Kind,-1,-1,E:\试点总队\河南data\DH_PL行人道路.shp,Kind,-1,-1,E:\试点总队\浙江data\DH_PL行人道路.shp,Kind,-1,-1,E:\试点总队\海南data\DH_PL行人道路.shp,Kind,-1,-1,E:\试点总队\湖北数据\DH_PL行人道路.shp,Kind,-1,-1,E:\试点总队\湖南date\DH_PL行人道路.shp,Kind,-1,-1,E:\试点总队\甘肃data\DH_PL行人道路.shp,Kind,-1,-1,E:\试点总队\福建data\DH_PL行人道路.shp,Kind,-1,-1,E:\试点总队\西藏data\DH_PL行人道路.shp,Kind,-1,-1,E:\试点总队\贵州data\DH_PL行人道路.shp,Kind,-1,-1,E:\试点总队\辽宁date\DH_PL行人道路shp.shp,Kind,-1,-1,E:\试点总队\重庆数据\DH_PL行人道路.shp,Kind,-1,-1,E:\试点总队\陕西data\DH_PL行人道路.shp,Kind,-1,-1,E:\试点总队\青海data\DH_PL行人道路.shp,Kind,-1,-1,E:\试点总队\黑龙江数据\DH_PL行人道路.shp,Kind,-1,-1;Width 'Width' true true false 3 Text 0 0 ,First,#,E:\试点总队\上海data\DH_PL行人道路.shp,Width,-1,-1,E:\试点总队\云南data\DH_PL行人道路.shp,Width,-1,-1,E:\试点总队\内蒙古data\DH_PL行人道路.shp,Width,-1,-1,E:\试点总队\北京data\DH_PL行人道路.shp,Width,-1,-1,E:\试点总队\吉林data\DH_PL行人道路.shp,Width,-1,-1,E:\试点总队\四川data\DH_PL行人道路.shp,Width,-1,-1,E:\试点总队\天津data\DH_PL行人道路.shp,Width,-1,-1,E:\试点总队\宁夏data\DH_PL行人道路.shp,Width,-1,-1,E:\试点总队\安徽data\DH_PL行人道路.shp,Width,-1,-1,E:\试点总队\山东data\DH_PL行人道路.shp,Width,-1,-1,E:\试点总队\山西data\DH_PL行人道路.shp,Width,-1,-1,E:\试点总队\广东data\DH_PL行人道路.shp,Width,-1,-1,E:\试点总队\广西data\DH_PL行人道路.shp,Width,-1,-1,E:\试点总队\新疆data\DH_PL行人道路.shp,Width,-1,-1,E:\试点总队\江苏data\DH_PL行人道路.shp,Width,-1,-1,E:\试点总队\江西data\DH_PL行人道路.shp,Width,-1,-1,E:\试点总队\河北数据\DH_PL行人道路.shp,Width,-1,-1,E:\试点总队\河南data\DH_PL行人道路.shp,Width,-1,-1,E:\试点总队\浙江data\DH_PL行人道路.shp,Width,-1,-1,E:\试点总队\海南data\DH_PL行人道路.shp,Width,-1,-1,E:\试点总队\湖北数据\DH_PL行人道路.shp,Width,-1,-1,E:\试点总队\湖南date\DH_PL行人道路.shp,Width,-1,-1,E:\试点总队\甘肃data\DH_PL行人道路.shp,Width,-1,-1,E:\试点总队\福建data\DH_PL行人道路.shp,Width,-1,-1,E:\试点总队\西藏data\DH_PL行人道路.shp,Width,-1,-1,E:\试点总队\贵州data\DH_PL行人道路.shp,Width,-1,-1,E:\试点总队\辽宁date\DH_PL行人道路shp.shp,Width,-1,-1,E:\试点总队\重庆数据\DH_PL行人道路.shp,Width,-1,-1,E:\试点总队\陕西data\DH_PL行人道路.shp,Width,-1,-1,E:\试点总队\青海data\DH_PL行人道路.shp,Width,-1,-1,E:\试点总队\黑龙江数据\DH_PL行人道路.shp,Width,-1,-1;Direction 'Direction' true true false 1 Text 0 0 ,First,#,E:\试点总队\上海data\DH_PL行人道路.shp,Direction,-1,-1,E:\试点总队\云南data\DH_PL行人道路.shp,Direction,-1,-1,E:\试点总队\内蒙古data\DH_PL行人道路.shp,Direction,-1,-1,E:\试点总队\北京data\DH_PL行人道路.shp,Direction,-1,-1,E:\试点总队\吉林data\DH_PL行人道路.shp,Direction,-1,-1,E:\试点总队\四川data\DH_PL行人道路.shp,Direction,-1,-1,E:\试点总队\天津data\DH_PL行人道路.shp,Direction,-1,-1,E:\试点总队\宁夏data\DH_PL行人道路.shp,Direction,-1,-1,E:\试点总队\安徽data\DH_PL行人道路.shp,Direction,-1,-1,E:\试点总队\山东data\DH_PL行人道路.shp,Direction,-1,-1,E:\试点总队\山西data\DH_PL行人道路.shp,Direction,-1,-1,E:\试点总队\广东data\DH_PL行人道路.shp,Direction,-1,-1,E:\试点总队\广西data\DH_PL行人道路.shp,Direction,-1,-1,E:\试点总队\新疆data\DH_PL行人道路.shp,Direction,-1,-1,E:\试点总队\江苏data\DH_PL行人道路.shp,Direction,-1,-1,E:\试点总队\江西data\DH_PL行人道路.shp,Direction,-1,-1,E:\试点总队\河北数据\DH_PL行人道路.shp,Direction,-1,-1,E:\试点总队\河南data\DH_PL行人道路.shp,Direction,-1,-1,E:\试点总队\浙江data\DH_PL行人道路.shp,Direction,-1,-1,E:\试点总队\海南data\DH_PL行人道路.shp,Direction,-1,-1,E:\试点总队\湖北数据\DH_PL行人道路.shp,Direction,-1,-1,E:\试点总队\湖南date\DH_PL行人道路.shp,Direction,-1,-1,E:\试点总队\甘肃data\DH_PL行人道路.shp,Direction,-1,-1,E:\试点总队\福建data\DH_PL行人道路.shp,Direction,-1,-1,E:\试点总队\西藏data\DH_PL行人道路.shp,Direction,-1,-1,E:\试点总队\贵州data\DH_PL行人道路.shp,Direction,-1,-1,E:\试点总队\辽宁date\DH_PL行人道路shp.shp,Direction,-1,-1,E:\试点总队\重庆数据\DH_PL行人道路.shp,Direction,-1,-1,E:\试点总队\陕西data\DH_PL行人道路.shp,Direction,-1,-1,E:\试点总队\青海data\DH_PL行人道路.shp,Direction,-1,-1,E:\试点总队\黑龙江数据\DH_PL行人道路.shp,Direction,-1,-1;SnodeID 'SnodeID' true true false 13 Text 0 0 ,First,#,E:\试点总队\上海data\DH_PL行人道路.shp,SnodeID,-1,-1,E:\试点总队\云南data\DH_PL行人道路.shp,SnodeID,-1,-1,E:\试点总队\内蒙古data\DH_PL行人道路.shp,SnodeID,-1,-1,E:\试点总队\北京data\DH_PL行人道路.shp,SnodeID,-1,-1,E:\试点总队\吉林data\DH_PL行人道路.shp,SnodeID,-1,-1,E:\试点总队\四川data\DH_PL行人道路.shp,SnodeID,-1,-1,E:\试点总队\天津data\DH_PL行人道路.shp,SnodeID,-1,-1,E:\试点总队\宁夏data\DH_PL行人道路.shp,SnodeID,-1,-1,E:\试点总队\安徽data\DH_PL行人道路.shp,SnodeID,-1,-1,E:\试点总队\山东data\DH_PL行人道路.shp,SnodeID,-1,-1,E:\试点总队\山西data\DH_PL行人道路.shp,SnodeID,-1,-1,E:\试点总队\广东data\DH_PL行人道路.shp,SnodeID,-1,-1,E:\试点总队\广西data\DH_PL行人道路.shp,SnodeID,-1,-1,E:\试点总队\新疆data\DH_PL行人道路.shp,SnodeID,-1,-1,E:\试点总队\江苏data\DH_PL行人道路.shp,SnodeID,-1,-1,E:\试点总队\江西data\DH_PL行人道路.shp,SnodeID,-1,-1,E:\试点总队\河北数据\DH_PL行人道路.shp,SnodeID,-1,-1,E:\试点总队\河南data\DH_PL行人道路.shp,SnodeID,-1,-1,E:\试点总队\浙江data\DH_PL行人道路.shp,SnodeID,-1,-1,E:\试点总队\海南data\DH_PL行人道路.shp,SnodeID,-1,-1,E:\试点总队\湖北数据\DH_PL行人道路.shp,SnodeID,-1,-1,E:\试点总队\湖南date\DH_PL行人道路.shp,SnodeID,-1,-1,E:\试点总队\甘肃data\DH_PL行人道路.shp,SnodeID,-1,-1,E:\试点总队\福建data\DH_PL行人道路.shp,SnodeID,-1,-1,E:\试点总队\西藏data\DH_PL行人道路.shp,SnodeID,-1,-1,E:\试点总队\贵州data\DH_PL行人道路.shp,SnodeID,-1,-1,E:\试点总队\辽宁date\DH_PL行人道路shp.shp,SnodeID,-1,-1,E:\试点总队\重庆数据\DH_PL行人道路.shp,SnodeID,-1,-1,E:\试点总队\陕西data\DH_PL行人道路.shp,SnodeID,-1,-1,E:\试点总队\青海data\DH_PL行人道路.shp,SnodeID,-1,-1,E:\试点总队\黑龙江数据\DH_PL行人道路.shp,SnodeID,-1,-1;EnodeID 'EnodeID' true true false 13 Text 0 0 ,First,#,E:\试点总队\上海data\DH_PL行人道路.shp,EnodeID,-1,-1,E:\试点总队\云南data\DH_PL行人道路.shp,EnodeID,-1,-1,E:\试点总队\内蒙古data\DH_PL行人道路.shp,EnodeID,-1,-1,E:\试点总队\北京data\DH_PL行人道路.shp,EnodeID,-1,-1,E:\试点总队\吉林data\DH_PL行人道路.shp,EnodeID,-1,-1,E:\试点总队\四川data\DH_PL行人道路.shp,EnodeID,-1,-1,E:\试点总队\天津data\DH_PL行人道路.shp,EnodeID,-1,-1,E:\试点总队\宁夏data\DH_PL行人道路.shp,EnodeID,-1,-1,E:\试点总队\安徽data\DH_PL行人道路.shp,EnodeID,-1,-1,E:\试点总队\山东data\DH_PL行人道路.shp,EnodeID,-1,-1,E:\试点总队\山西data\DH_PL行人道路.shp,EnodeID,-1,-1,E:\试点总队\广东data\DH_PL行人道路.shp,EnodeID,-1,-1,E:\试点总队\广西data\DH_PL行人道路.shp,EnodeID,-1,-1,E:\试点总队\新疆data\DH_PL行人道路.shp,EnodeID,-1,-1,E:\试点总队\江苏data\DH_PL行人道路.shp,EnodeID,-1,-1,E:\试点总队\江西data\DH_PL行人道路.shp,EnodeID,-1,-1,E:\试点总队\河北数据\DH_PL行人道路.shp,EnodeID,-1,-1,E:\试点总队\河南data\DH_PL行人道路.shp,EnodeID,-1,-1,E:\试点总队\浙江data\DH_PL行人道路.shp,EnodeID,-1,-1,E:\试点总队\海南data\DH_PL行人道路.shp,EnodeID,-1,-1,E:\试点总队\湖北数据\DH_PL行人道路.shp,EnodeID,-1,-1,E:\试点总队\湖南date\DH_PL行人道路.shp,EnodeID,-1,-1,E:\试点总队\甘肃data\DH_PL行人道路.shp,EnodeID,-1,-1,E:\试点总队\福建data\DH_PL行人道路.shp,EnodeID,-1,-1,E:\试点总队\西藏data\DH_PL行人道路.shp,EnodeID,-1,-1,E:\试点总队\贵州data\DH_PL行人道路.shp,EnodeID,-1,-1,E:\试点总队\辽宁date\DH_PL行人道路shp.shp,EnodeID,-1,-1,E:\试点总队\重庆数据\DH_PL行人道路.shp,EnodeID,-1,-1,E:\试点总队\陕西data\DH_PL行人道路.shp,EnodeID,-1,-1,E:\试点总队\青海data\DH_PL行人道路.shp,EnodeID,-1,-1,E:\试点总队\黑龙江数据\DH_PL行人道路.shp,EnodeID,-1,-1;PathClass 'PathClass' true true false 2 Text 0 0 ,First,#,E:\试点总队\上海data\DH_PL行人道路.shp,PathClass,-1,-1,E:\试点总队\云南data\DH_PL行人道路.shp,PathClass,-1,-1,E:\试点总队\内蒙古data\DH_PL行人道路.shp,PathClass,-1,-1,E:\试点总队\北京data\DH_PL行人道路.shp,PathClass,-1,-1,E:\试点总队\吉林data\DH_PL行人道路.shp,PathClass,-1,-1,E:\试点总队\四川data\DH_PL行人道路.shp,PathClass,-1,-1,E:\试点总队\天津data\DH_PL行人道路.shp,PathClass,-1,-1,E:\试点总队\宁夏data\DH_PL行人道路.shp,PathClass,-1,-1,E:\试点总队\安徽data\DH_PL行人道路.shp,PathClass,-1,-1,E:\试点总队\山东data\DH_PL行人道路.shp,PathClass,-1,-1,E:\试点总队\山西data\DH_PL行人道路.shp,PathClass,-1,-1,E:\试点总队\广东data\DH_PL行人道路.shp,PathClass,-1,-1,E:\试点总队\广西data\DH_PL行人道路.shp,PathClass,-1,-1,E:\试点总队\新疆data\DH_PL行人道路.shp,PathClass,-1,-1,E:\试点总队\江苏data\DH_PL行人道路.shp,PathClass,-1,-1,E:\试点总队\江西data\DH_PL行人道路.shp,PathClass,-1,-1,E:\试点总队\河北数据\DH_PL行人道路.shp,PathClass,-1,-1,E:\试点总队\河南data\DH_PL行人道路.shp,PathClass,-1,-1,E:\试点总队\浙江data\DH_PL行人道路.shp,PathClass,-1,-1,E:\试点总队\海南data\DH_PL行人道路.shp,PathClass,-1,-1,E:\试点总队\湖北数据\DH_PL行人道路.shp,PathClass,-1,-1,E:\试点总队\湖南date\DH_PL行人道路.shp,PathClass,-1,-1,E:\试点总队\甘肃data\DH_PL行人道路.shp,PathClass,-1,-1,E:\试点总队\福建data\DH_PL行人道路.shp,PathClass,-1,-1,E:\试点总队\西藏data\DH_PL行人道路.shp,PathClass,-1,-1,E:\试点总队\贵州data\DH_PL行人道路.shp,PathClass,-1,-1,E:\试点总队\辽宁date\DH_PL行人道路shp.shp,PathClass,-1,-1,E:\试点总队\重庆数据\DH_PL行人道路.shp,PathClass,-1,-1,E:\试点总队\陕西data\DH_PL行人道路.shp,PathClass,-1,-1,E:\试点总队\青海data\DH_PL行人道路.shp,PathClass,-1,-1,E:\试点总队\黑龙江数据\DH_PL行人道路.shp,PathClass,-1,-1;Length 'Length' true true false 8 Text 0 0 ,First,#,E:\试点总队\上海data\DH_PL行人道路.shp,Length,-1,-1,E:\试点总队\云南data\DH_PL行人道路.shp,Length,-1,-1,E:\试点总队\内蒙古data\DH_PL行人道路.shp,Length,-1,-1,E:\试点总队\北京data\DH_PL行人道路.shp,Length,-1,-1,E:\试点总队\吉林data\DH_PL行人道路.shp,Length,-1,-1,E:\试点总队\四川data\DH_PL行人道路.shp,Length,-1,-1,E:\试点总队\天津data\DH_PL行人道路.shp,Length,-1,-1,E:\试点总队\宁夏data\DH_PL行人道路.shp,Length,-1,-1,E:\试点总队\安徽data\DH_PL行人道路.shp,Length,-1,-1,E:\试点总队\山东data\DH_PL行人道路.shp,Length,-1,-1,E:\试点总队\山西data\DH_PL行人道路.shp,Length,-1,-1,E:\试点总队\广东data\DH_PL行人道路.shp,Length,-1,-1,E:\试点总队\广西data\DH_PL行人道路.shp,Length,-1,-1,E:\试点总队\新疆data\DH_PL行人道路.shp,Length,-1,-1,E:\试点总队\江苏data\DH_PL行人道路.shp,Length,-1,-1,E:\试点总队\江西data\DH_PL行人道路.shp,Length,-1,-1,E:\试点总队\河北数据\DH_PL行人道路.shp,Length,-1,-1,E:\试点总队\河南data\DH_PL行人道路.shp,Length,-1,-1,E:\试点总队\浙江data\DH_PL行人道路.shp,Length,-1,-1,E:\试点总队\海南data\DH_PL行人道路.shp,Length,-1,-1,E:\试点总队\湖北数据\DH_PL行人道路.shp,Length,-1,-1,E:\试点总队\湖南date\DH_PL行人道路.shp,Length,-1,-1,E:\试点总队\甘肃data\DH_PL行人道路.shp,Length,-1,-1,E:\试点总队\福建data\DH_PL行人道路.shp,Length,-1,-1,E:\试点总队\西藏data\DH_PL行人道路.shp,Length,-1,-1,E:\试点总队\贵州data\DH_PL行人道路.shp,Length,-1,-1,E:\试点总队\辽宁date\DH_PL行人道路shp.shp,Length,-1,-1,E:\试点总队\重庆数据\DH_PL行人道路.shp,Length,-1,-1,E:\试点总队\陕西data\DH_PL行人道路.shp,Length,-1,-1,E:\试点总队\青海data\DH_PL行人道路.shp,Length,-1,-1,E:\试点总队\黑龙江数据\DH_PL行人道路.shp,Length,-1,-1;Through 'Through' true true false 1 Text 0 0 ,First,#,E:\试点总队\上海data\DH_PL行人道路.shp,Through,-1,-1,E:\试点总队\云南data\DH_PL行人道路.shp,Through,-1,-1,E:\试点总队\内蒙古data\DH_PL行人道路.shp,Through,-1,-1,E:\试点总队\北京data\DH_PL行人道路.shp,Through,-1,-1,E:\试点总队\吉林data\DH_PL行人道路.shp,Through,-1,-1,E:\试点总队\四川data\DH_PL行人道路.shp,Through,-1,-1,E:\试点总队\天津data\DH_PL行人道路.shp,Through,-1,-1,E:\试点总队\宁夏data\DH_PL行人道路.shp,Through,-1,-1,E:\试点总队\安徽data\DH_PL行人道路.shp,Through,-1,-1,E:\试点总队\山东data\DH_PL行人道路.shp,Through,-1,-1,E:\试点总队\山西data\DH_PL行人道路.shp,Through,-1,-1,E:\试点总队\广东data\DH_PL行人道路.shp,Through,-1,-1,E:\试点总队\广西data\DH_PL行人道路.shp,Through,-1,-1,E:\试点总队\新疆data\DH_PL行人道路.shp,Through,-1,-1,E:\试点总队\江苏data\DH_PL行人道路.shp,Through,-1,-1,E:\试点总队\江西data\DH_PL行人道路.shp,Through,-1,-1,E:\试点总队\河北数据\DH_PL行人道路.shp,Through,-1,-1,E:\试点总队\河南data\DH_PL行人道路.shp,Through,-1,-1,E:\试点总队\浙江data\DH_PL行人道路.shp,Through,-1,-1,E:\试点总队\海南data\DH_PL行人道路.shp,Through,-1,-1,E:\试点总队\湖北数据\DH_PL行人道路.shp,Through,-1,-1,E:\试点总队\湖南date\DH_PL行人道路.shp,Through,-1,-1,E:\试点总队\甘肃data\DH_PL行人道路.shp,Through,-1,-1,E:\试点总队\福建data\DH_PL行人道路.shp,Through,-1,-1,E:\试点总队\西藏data\DH_PL行人道路.shp,Through,-1,-1,E:\试点总队\贵州data\DH_PL行人道路.shp,Through,-1,-1,E:\试点总队\辽宁date\DH_PL行人道路shp.shp,Through,-1,-1,E:\试点总队\重庆数据\DH_PL行人道路.shp,Through,-1,-1,E:\试点总队\陕西data\DH_PL行人道路.shp,Through,-1,-1,E:\试点总队\青海data\DH_PL行人道路.shp,Through,-1,-1,E:\试点总队\黑龙江数据\DH_PL行人道路.shp,Through,-1,-1;UnThruCRID 'UnThruCRID' true true false 13 Text 0 0 ,First,#,E:\试点总队\上海data\DH_PL行人道路.shp,UnThruCRID,-1,-1,E:\试点总队\云南data\DH_PL行人道路.shp,UnThruCRID,-1,-1,E:\试点总队\内蒙古data\DH_PL行人道路.shp,UnThruCRID,-1,-1,E:\试点总队\北京data\DH_PL行人道路.shp,UnThruCRID,-1,-1,E:\试点总队\吉林data\DH_PL行人道路.shp,UnThruCRID,-1,-1,E:\试点总队\四川data\DH_PL行人道路.shp,UnThruCRID,-1,-1,E:\试点总队\天津data\DH_PL行人道路.shp,UnThruCRID,-1,-1,E:\试点总队\宁夏data\DH_PL行人道路.shp,UnThruCRID,-1,-1,E:\试点总队\安徽data\DH_PL行人道路.shp,UnThruCRID,-1,-1,E:\试点总队\山东data\DH_PL行人道路.shp,UnThruCRID,-1,-1,E:\试点总队\山西data\DH_PL行人道路.shp,UnThruCRID,-1,-1,E:\试点总队\广东data\DH_PL行人道路.shp,UnThruCRID,-1,-1,E:\试点总队\广西data\DH_PL行人道路.shp,UnThruCRID,-1,-1,E:\试点总队\新疆data\DH_PL行人道路.shp,UnThruCRID,-1,-1,E:\试点总队\江苏data\DH_PL行人道路.shp,UnThruCRID,-1,-1,E:\试点总队\江西data\DH_PL行人道路.shp,UnThruCRID,-1,-1,E:\试点总队\河北数据\DH_PL行人道路.shp,UnThruCRID,-1,-1,E:\试点总队\河南data\DH_PL行人道路.shp,UnThruCRID,-1,-1,E:\试点总队\浙江data\DH_PL行人道路.shp,UnThruCRID,-1,-1,E:\试点总队\海南data\DH_PL行人道路.shp,UnThruCRID,-1,-1,E:\试点总队\湖北数据\DH_PL行人道路.shp,UnThruCRID,-1,-1,E:\试点总队\湖南date\DH_PL行人道路.shp,UnThruCRID,-1,-1,E:\试点总队\甘肃data\DH_PL行人道路.shp,UnThruCRID,-1,-1,E:\试点总队\福建data\DH_PL行人道路.shp,UnThruCRID,-1,-1,E:\试点总队\西藏data\DH_PL行人道路.shp,UnThruCRID,-1,-1,E:\试点总队\贵州data\DH_PL行人道路.shp,UnThruCRID,-1,-1,E:\试点总队\辽宁date\DH_PL行人道路shp.shp,UnThruCRID,-1,-1,E:\试点总队\重庆数据\DH_PL行人道路.shp,UnThruCRID,-1,-1,E:\试点总队\陕西data\DH_PL行人道路.shp,UnThruCRID,-1,-1,E:\试点总队\青海data\DH_PL行人道路.shp,UnThruCRID,-1,-1,E:\试点总队\黑龙江数据\DH_PL行人道路.shp,UnThruCRID,-1,-1;AdminCodeL 'AdminCodeL' true true false 6 Text 0 0 ,First,#,E:\试点总队\上海data\DH_PL行人道路.shp,AdminCodeL,-1,-1,E:\试点总队\云南data\DH_PL行人道路.shp,AdminCodeL,-1,-1,E:\试点总队\内蒙古data\DH_PL行人道路.shp,AdminCodeL,-1,-1,E:\试点总队\北京data\DH_PL行人道路.shp,AdminCodeL,-1,-1,E:\试点总队\吉林data\DH_PL行人道路.shp,AdminCodeL,-1,-1,E:\试点总队\四川data\DH_PL行人道路.shp,AdminCodeL,-1,-1,E:\试点总队\天津data\DH_PL行人道路.shp,AdminCodeL,-1,-1,E:\试点总队\宁夏data\DH_PL行人道路.shp,AdminCodeL,-1,-1,E:\试点总队\安徽data\DH_PL行人道路.shp,AdminCodeL,-1,-1,E:\试点总队\山东data\DH_PL行人道路.shp,AdminCodeL,-1,-1,E:\试点总队\山西data\DH_PL行人道路.shp,AdminCodeL,-1,-1,E:\试点总队\广东data\DH_PL行人道路.shp,AdminCodeL,-1,-1,E:\试点总队\广西data\DH_PL行人道路.shp,AdminCodeL,-1,-1,E:\试点总队\新疆data\DH_PL行人道路.shp,AdminCodeL,-1,-1,E:\试点总队\江苏data\DH_PL行人道路.shp,AdminCodeL,-1,-1,E:\试点总队\江西data\DH_PL行人道路.shp,AdminCodeL,-1,-1,E:\试点总队\河北数据\DH_PL行人道路.shp,AdminCodeL,-1,-1,E:\试点总队\河南data\DH_PL行人道路.shp,AdminCodeL,-1,-1,E:\试点总队\浙江data\DH_PL行人道路.shp,AdminCodeL,-1,-1,E:\试点总队\海南data\DH_PL行人道路.shp,AdminCodeL,-1,-1,E:\试点总队\湖北数据\DH_PL行人道路.shp,AdminCodeL,-1,-1,E:\试点总队\湖南date\DH_PL行人道路.shp,AdminCodeL,-1,-1,E:\试点总队\甘肃data\DH_PL行人道路.shp,AdminCodeL,-1,-1,E:\试点总队\福建data\DH_PL行人道路.shp,AdminCodeL,-1,-1,E:\试点总队\西藏data\DH_PL行人道路.shp,AdminCodeL,-1,-1,E:\试点总队\贵州data\DH_PL行人道路.shp,AdminCodeL,-1,-1,E:\试点总队\辽宁date\DH_PL行人道路shp.shp,AdminCodeL,-1,-1,E:\试点总队\重庆数据\DH_PL行人道路.shp,AdminCodeL,-1,-1,E:\试点总队\陕西data\DH_PL行人道路.shp,AdminCodeL,-1,-1,E:\试点总队\青海data\DH_PL行人道路.shp,AdminCodeL,-1,-1,E:\试点总队\黑龙江数据\DH_PL行人道路.shp,AdminCodeL,-1,-1;AdminCodeR 'AdminCodeR' true true false 6 Text 0 0 ,First,#,E:\试点总队\上海data\DH_PL行人道路.shp,AdminCodeR,-1,-1,E:\试点总队\云南data\DH_PL行人道路.shp,AdminCodeR,-1,-1,E:\试点总队\内蒙古data\DH_PL行人道路.shp,AdminCodeR,-1,-1,E:\试点总队\北京data\DH_PL行人道路.shp,AdminCodeR,-1,-1,E:\试点总队\吉林data\DH_PL行人道路.shp,AdminCodeR,-1,-1,E:\试点总队\四川data\DH_PL行人道路.shp,AdminCodeR,-1,-1,E:\试点总队\天津data\DH_PL行人道路.shp,AdminCodeR,-1,-1,E:\试点总队\宁夏data\DH_PL行人道路.shp,AdminCodeR,-1,-1,E:\试点总队\安徽data\DH_PL行人道路.shp,AdminCodeR,-1,-1,E:\试点总队\山东data\DH_PL行人道路.shp,AdminCodeR,-1,-1,E:\试点总队\山西data\DH_PL行人道路.shp,AdminCodeR,-1,-1,E:\试点总队\广东data\DH_PL行人道路.shp,AdminCodeR,-1,-1,E:\试点总队\广西data\DH_PL行人道路.shp,AdminCodeR,-1,-1,E:\试点总队\新疆data\DH_PL行人道路.shp,AdminCodeR,-1,-1,E:\试点总队\江苏data\DH_PL行人道路.shp,AdminCodeR,-1,-1,E:\试点总队\江西data\DH_PL行人道路.shp,AdminCodeR,-1,-1,E:\试点总队\河北数据\DH_PL行人道路.shp,AdminCodeR,-1,-1,E:\试点总队\河南data\DH_PL行人道路.shp,AdminCodeR,-1,-1,E:\试点总队\浙江data\DH_PL行人道路.shp,AdminCodeR,-1,-1,E:\试点总队\海南data\DH_PL行人道路.shp,AdminCodeR,-1,-1,E:\试点总队\湖北数据\DH_PL行人道路.shp,AdminCodeR,-1,-1,E:\试点总队\湖南date\DH_PL行人道路.shp,AdminCodeR,-1,-1,E:\试点总队\甘肃data\DH_PL行人道路.shp,AdminCodeR,-1,-1,E:\试点总队\福建data\DH_PL行人道路.shp,AdminCodeR,-1,-1,E:\试点总队\西藏data\DH_PL行人道路.shp,AdminCodeR,-1,-1,E:\试点总队\贵州data\DH_PL行人道路.shp,AdminCodeR,-1,-1,E:\试点总队\辽宁date\DH_PL行人道路shp.shp,AdminCodeR,-1,-1,E:\试点总队\重庆数据\DH_PL行人道路.shp,AdminCodeR,-1,-1,E:\试点总队\陕西data\DH_PL行人道路.shp,AdminCodeR,-1,-1,E:\试点总队\青海data\DH_PL行人道路.shp,AdminCodeR,-1,-1,E:\试点总队\黑龙江数据\DH_PL行人道路.shp,AdminCodeR,-1,-1;OnewayCRID 'OnewayCRID' true true false 13 Text 0 0 ,First,#,E:\试点总队\上海data\DH_PL行人道路.shp,OnewayCRID,-1,-1,E:\试点总队\云南data\DH_PL行人道路.shp,OnewayCRID,-1,-1,E:\试点总队\内蒙古data\DH_PL行人道路.shp,OnewayCRID,-1,-1,E:\试点总队\北京data\DH_PL行人道路.shp,OnewayCRID,-1,-1,E:\试点总队\吉林data\DH_PL行人道路.shp,OnewayCRID,-1,-1,E:\试点总队\四川data\DH_PL行人道路.shp,OnewayCRID,-1,-1,E:\试点总队\天津data\DH_PL行人道路.shp,OnewayCRID,-1,-1,E:\试点总队\宁夏data\DH_PL行人道路.shp,OnewayCRID,-1,-1,E:\试点总队\安徽data\DH_PL行人道路.shp,OnewayCRID,-1,-1,E:\试点总队\山东data\DH_PL行人道路.shp,OnewayCRID,-1,-1,E:\试点总队\山西data\DH_PL行人道路.shp,OnewayCRID,-1,-1,E:\试点总队\广东data\DH_PL行人道路.shp,OnewayCRID,-1,-1,E:\试点总队\广西data\DH_PL行人道路.shp,OnewayCRID,-1,-1,E:\试点总队\新疆data\DH_PL行人道路.shp,OnewayCRID,-1,-1,E:\试点总队\江苏data\DH_PL行人道路.shp,OnewayCRID,-1,-1,E:\试点总队\江西data\DH_PL行人道路.shp,OnewayCRID,-1,-1,E:\试点总队\河北数据\DH_PL行人道路.shp,OnewayCRID,-1,-1,E:\试点总队\河南data\DH_PL行人道路.shp,OnewayCRID,-1,-1,E:\试点总队\浙江data\DH_PL行人道路.shp,OnewayCRID,-1,-1,E:\试点总队\海南data\DH_PL行人道路.shp,OnewayCRID,-1,-1,E:\试点总队\湖北数据\DH_PL行人道路.shp,OnewayCRID,-1,-1,E:\试点总队\湖南date\DH_PL行人道路.shp,OnewayCRID,-1,-1,E:\试点总队\甘肃data\DH_PL行人道路.shp,OnewayCRID,-1,-1,E:\试点总队\福建data\DH_PL行人道路.shp,OnewayCRID,-1,-1,E:\试点总队\西藏data\DH_PL行人道路.shp,OnewayCRID,-1,-1,E:\试点总队\贵州data\DH_PL行人道路.shp,OnewayCRID,-1,-1,E:\试点总队\辽宁date\DH_PL行人道路shp.shp,OnewayCRID,-1,-1,E:\试点总队\重庆数据\DH_PL行人道路.shp,OnewayCRID,-1,-1,E:\试点总队\陕西data\DH_PL行人道路.shp,OnewayCRID,-1,-1,E:\试点总队\青海data\DH_PL行人道路.shp,OnewayCRID,-1,-1,E:\试点总队\黑龙江数据\DH_PL行人道路.shp,OnewayCRID,-1,-1;AccessCRID 'AccessCRID' true true false 13 Text 0 0 ,First,#,E:\试点总队\上海data\DH_PL行人道路.shp,AccessCRID,-1,-1,E:\试点总队\云南data\DH_PL行人道路.shp,AccessCRID,-1,-1,E:\试点总队\内蒙古data\DH_PL行人道路.shp,AccessCRID,-1,-1,E:\试点总队\北京data\DH_PL行人道路.shp,AccessCRID,-1,-1,E:\试点总队\吉林data\DH_PL行人道路.shp,AccessCRID,-1,-1,E:\试点总队\四川data\DH_PL行人道路.shp,AccessCRID,-1,-1,E:\试点总队\天津data\DH_PL行人道路.shp,AccessCRID,-1,-1,E:\试点总队\宁夏data\DH_PL行人道路.shp,AccessCRID,-1,-1,E:\试点总队\安徽data\DH_PL行人道路.shp,AccessCRID,-1,-1,E:\试点总队\山东data\DH_PL行人道路.shp,AccessCRID,-1,-1,E:\试点总队\山西data\DH_PL行人道路.shp,AccessCRID,-1,-1,E:\试点总队\广东data\DH_PL行人道路.shp,AccessCRID,-1,-1,E:\试点总队\广西data\DH_PL行人道路.shp,AccessCRID,-1,-1,E:\试点总队\新疆data\DH_PL行人道路.shp,AccessCRID,-1,-1,E:\试点总队\江苏data\DH_PL行人道路.shp,AccessCRID,-1,-1,E:\试点总队\江西data\DH_PL行人道路.shp,AccessCRID,-1,-1,E:\试点总队\河北数据\DH_PL行人道路.shp,AccessCRID,-1,-1,E:\试点总队\河南data\DH_PL行人道路.shp,AccessCRID,-1,-1,E:\试点总队\浙江data\DH_PL行人道路.shp,AccessCRID,-1,-1,E:\试点总队\海南data\DH_PL行人道路.shp,AccessCRID,-1,-1,E:\试点总队\湖北数据\DH_PL行人道路.shp,AccessCRID,-1,-1,E:\试点总队\湖南date\DH_PL行人道路.shp,AccessCRID,-1,-1,E:\试点总队\甘肃data\DH_PL行人道路.shp,AccessCRID,-1,-1,E:\试点总队\福建data\DH_PL行人道路.shp,AccessCRID,-1,-1,E:\试点总队\西藏data\DH_PL行人道路.shp,AccessCRID,-1,-1,E:\试点总队\贵州data\DH_PL行人道路.shp,AccessCRID,-1,-1,E:\试点总队\辽宁date\DH_PL行人道路shp.shp,AccessCRID,-1,-1,E:\试点总队\重庆数据\DH_PL行人道路.shp,AccessCRID,-1,-1,E:\试点总队\陕西data\DH_PL行人道路.shp,AccessCRID,-1,-1,E:\试点总队\青海data\DH_PL行人道路.shp,AccessCRID,-1,-1,E:\试点总队\黑龙江数据\DH_PL行人道路.shp,AccessCRID,-1,-1;Elevated 'Elevated' true true false 1 Text 0 0 ,First,#,E:\试点总队\上海data\DH_PL行人道路.shp,Elevated,-1,-1,E:\试点总队\云南data\DH_PL行人道路.shp,Elevated,-1,-1,E:\试点总队\内蒙古data\DH_PL行人道路.shp,Elevated,-1,-1,E:\试点总队\北京data\DH_PL行人道路.shp,Elevated,-1,-1,E:\试点总队\吉林data\DH_PL行人道路.shp,Elevated,-1,-1,E:\试点总队\四川data\DH_PL行人道路.shp,Elevated,-1,-1,E:\试点总队\天津data\DH_PL行人道路.shp,Elevated,-1,-1,E:\试点总队\宁夏data\DH_PL行人道路.shp,Elevated,-1,-1,E:\试点总队\安徽data\DH_PL行人道路.shp,Elevated,-1,-1,E:\试点总队\山东data\DH_PL行人道路.shp,Elevated,-1,-1,E:\试点总队\山西data\DH_PL行人道路.shp,Elevated,-1,-1,E:\试点总队\广东data\DH_PL行人道路.shp,Elevated,-1,-1,E:\试点总队\广西data\DH_PL行人道路.shp,Elevated,-1,-1,E:\试点总队\新疆data\DH_PL行人道路.shp,Elevated,-1,-1,E:\试点总队\江苏data\DH_PL行人道路.shp,Elevated,-1,-1,E:\试点总队\江西data\DH_PL行人道路.shp,Elevated,-1,-1,E:\试点总队\河北数据\DH_PL行人道路.shp,Elevated,-1,-1,E:\试点总队\河南data\DH_PL行人道路.shp,Elevated,-1,-1,E:\试点总队\浙江data\DH_PL行人道路.shp,Elevated,-1,-1,E:\试点总队\海南data\DH_PL行人道路.shp,Elevated,-1,-1,E:\试点总队\湖北数据\DH_PL行人道路.shp,Elevated,-1,-1,E:\试点总队\湖南date\DH_PL行人道路.shp,Elevated,-1,-1,E:\试点总队\甘肃data\DH_PL行人道路.shp,Elevated,-1,-1,E:\试点总队\福建data\DH_PL行人道路.shp,Elevated,-1,-1,E:\试点总队\西藏data\DH_PL行人道路.shp,Elevated,-1,-1,E:\试点总队\贵州data\DH_PL行人道路.shp,Elevated,-1,-1,E:\试点总队\辽宁date\DH_PL行人道路shp.shp,Elevated,-1,-1,E:\试点总队\重庆数据\DH_PL行人道路.shp,Elevated,-1,-1,E:\试点总队\陕西data\DH_PL行人道路.shp,Elevated,-1,-1,E:\试点总队\青海data\DH_PL行人道路.shp,Elevated,-1,-1,E:\试点总队\黑龙江数据\DH_PL行人道路.shp,Elevated,-1,-1;OID_ 'OID_' true true false 9 Long 0 9 ,First,#,E:\试点总队\上海data\DH_PL行人道路.shp,OID_,-1,-1,E:\试点总队\云南data\DH_PL行人道路.shp,OID_,-1,-1,E:\试点总队\内蒙古data\DH_PL行人道路.shp,OID_,-1,-1,E:\试点总队\北京data\DH_PL行人道路.shp,OID_,-1,-1,E:\试点总队\吉林data\DH_PL行人道路.shp,OID_,-1,-1,E:\试点总队\四川data\DH_PL行人道路.shp,OID_,-1,-1,E:\试点总队\天津data\DH_PL行人道路.shp,OID_,-1,-1,E:\试点总队\宁夏data\DH_PL行人道路.shp,OID_,-1,-1,E:\试点总队\安徽data\DH_PL行人道路.shp,OID_,-1,-1,E:\试点总队\山东data\DH_PL行人道路.shp,OID_,-1,-1,E:\试点总队\山西data\DH_PL行人道路.shp,OID_,-1,-1,E:\试点总队\广东data\DH_PL行人道路.shp,OID_,-1,-1,E:\试点总队\广西data\DH_PL行人道路.shp,OID_,-1,-1,E:\试点总队\新疆data\DH_PL行人道路.shp,OID_,-1,-1,E:\试点总队\江苏data\DH_PL行人道路.shp,OID_,-1,-1,E:\试点总队\江西data\DH_PL行人道路.shp,OID_,-1,-1,E:\试点总队\河北数据\DH_PL行人道路.shp,OID_,-1,-1,E:\试点总队\河南data\DH_PL行人道路.shp,OID_,-1,-1,E:\试点总队\浙江data\DH_PL行人道路.shp,OID_,-1,-1,E:\试点总队\海南data\DH_PL行人道路.shp,OID_,-1,-1,E:\试点总队\湖北数据\DH_PL行人道路.shp,OID_,-1,-1,E:\试点总队\湖南date\DH_PL行人道路.shp,OID_,-1,-1,E:\试点总队\甘肃data\DH_PL行人道路.shp,OID_,-1,-1,E:\试点总队\福建data\DH_PL行人道路.shp,OID_,-1,-1,E:\试点总队\西藏data\DH_PL行人道路.shp,OID_,-1,-1,E:\试点总队\贵州data\DH_PL行人道路.shp,OID_,-1,-1,E:\试点总队\辽宁date\DH_PL行人道路shp.shp,OID_,-1,-1,E:\试点总队\重庆数据\DH_PL行人道路.shp,OID_,-1,-1,E:\试点总队\陕西data\DH_PL行人道路.shp,OID_,-1,-1,E:\试点总队\青海data\DH_PL行人道路.shp,OID_,-1,-1,E:\试点总队\黑龙江数据\DH_PL行人道路.shp,OID_,-1,-1;MapID_1 'MapID_1' true true false 8 Text 0 0 ,First,#,E:\试点总队\上海data\DH_PL行人道路.shp,MapID_1,-1,-1,E:\试点总队\云南data\DH_PL行人道路.shp,MapID_1,-1,-1,E:\试点总队\内蒙古data\DH_PL行人道路.shp,MapID_1,-1,-1,E:\试点总队\北京data\DH_PL行人道路.shp,MapID_1,-1,-1,E:\试点总队\吉林data\DH_PL行人道路.shp,MapID_1,-1,-1,E:\试点总队\四川data\DH_PL行人道路.shp,MapID_1,-1,-1,E:\试点总队\天津data\DH_PL行人道路.shp,MapID_1,-1,-1,E:\试点总队\宁夏data\DH_PL行人道路.shp,MapID_1,-1,-1,E:\试点总队\安徽data\DH_PL行人道路.shp,MapID_1,-1,-1,E:\试点总队\山东data\DH_PL行人道路.shp,MapID_1,-1,-1,E:\试点总队\山西data\DH_PL行人道路.shp,MapID_1,-1,-1,E:\试点总队\广东data\DH_PL行人道路.shp,MapID_1,-1,-1,E:\试点总队\广西data\DH_PL行人道路.shp,MapID_1,-1,-1,E:\试点总队\新疆data\DH_PL行人道路.shp,MapID_1,-1,-1,E:\试点总队\江苏data\DH_PL行人道路.shp,MapID_1,-1,-1,E:\试点总队\江西data\DH_PL行人道路.shp,MapID_1,-1,-1,E:\试点总队\河北数据\DH_PL行人道路.shp,MapID_1,-1,-1,E:\试点总队\河南data\DH_PL行人道路.shp,MapID_1,-1,-1,E:\试点总队\浙江data\DH_PL行人道路.shp,MapID_1,-1,-1,E:\试点总队\海南data\DH_PL行人道路.shp,MapID_1,-1,-1,E:\试点总队\湖北数据\DH_PL行人道路.shp,MapID_1,-1,-1,E:\试点总队\湖南date\DH_PL行人道路.shp,MapID_1,-1,-1,E:\试点总队\甘肃data\DH_PL行人道路.shp,MapID_1,-1,-1,E:\试点总队\福建data\DH_PL行人道路.shp,MapID_1,-1,-1,E:\试点总队\西藏data\DH_PL行人道路.shp,MapID_1,-1,-1,E:\试点总队\贵州data\DH_PL行人道路.shp,MapID_1,-1,-1,E:\试点总队\辽宁date\DH_PL行人道路shp.shp,MapID_1,-1,-1,E:\试点总队\重庆数据\DH_PL行人道路.shp,MapID_1,-1,-1,E:\试点总队\陕西data\DH_PL行人道路.shp,MapID_1,-1,-1,E:\试点总队\青海data\DH_PL行人道路.shp,MapID_1,-1,-1,E:\试点总队\黑龙江数据\DH_PL行人道路.shp,MapID_1,-1,-1;ID_1 'ID_1' true true false 13 Text 0 0 ,First,#,E:\试点总队\上海data\DH_PL行人道路.shp,ID_1,-1,-1,E:\试点总队\云南data\DH_PL行人道路.shp,ID_1,-1,-1,E:\试点总队\内蒙古data\DH_PL行人道路.shp,ID_1,-1,-1,E:\试点总队\北京data\DH_PL行人道路.shp,ID_1,-1,-1,E:\试点总队\吉林data\DH_PL行人道路.shp,ID_1,-1,-1,E:\试点总队\四川data\DH_PL行人道路.shp,ID_1,-1,-1,E:\试点总队\天津data\DH_PL行人道路.shp,ID_1,-1,-1,E:\试点总队\宁夏data\DH_PL行人道路.shp,ID_1,-1,-1,E:\试点总队\安徽data\DH_PL行人道路.shp,ID_1,-1,-1,E:\试点总队\山东data\DH_PL行人道路.shp,ID_1,-1,-1,E:\试点总队\山西data\DH_PL行人道路.shp,ID_1,-1,-1,E:\试点总队\广东data\DH_PL行人道路.shp,ID_1,-1,-1,E:\试点总队\广西data\DH_PL行人道路.shp,ID_1,-1,-1,E:\试点总队\新疆data\DH_PL行人道路.shp,ID_1,-1,-1,E:\试点总队\江苏data\DH_PL行人道路.shp,ID_1,-1,-1,E:\试点总队\江西data\DH_PL行人道路.shp,ID_1,-1,-1,E:\试点总队\河北数据\DH_PL行人道路.shp,ID_1,-1,-1,E:\试点总队\河南data\DH_PL行人道路.shp,ID_1,-1,-1,E:\试点总队\浙江data\DH_PL行人道路.shp,ID_1,-1,-1,E:\试点总队\海南data\DH_PL行人道路.shp,ID_1,-1,-1,E:\试点总队\湖北数据\DH_PL行人道路.shp,ID_1,-1,-1,E:\试点总队\湖南date\DH_PL行人道路.shp,ID_1,-1,-1,E:\试点总队\甘肃data\DH_PL行人道路.shp,ID_1,-1,-1,E:\试点总队\福建data\DH_PL行人道路.shp,ID_1,-1,-1,E:\试点总队\西藏data\DH_PL行人道路.shp,ID_1,-1,-1,E:\试点总队\贵州data\DH_PL行人道路.shp,ID_1,-1,-1,E:\试点总队\辽宁date\DH_PL行人道路shp.shp,ID_1,-1,-1,E:\试点总队\重庆数据\DH_PL行人道路.shp,ID_1,-1,-1,E:\试点总队\陕西data\DH_PL行人道路.shp,ID_1,-1,-1,E:\试点总队\青海data\DH_PL行人道路.shp,ID_1,-1,-1,E:\试点总队\黑龙江数据\DH_PL行人道路.shp,ID_1,-1,-1;Route_ID 'Route_ID' true true false 13 Text 0 0 ,First,#,E:\试点总队\上海data\DH_PL行人道路.shp,Route_ID,-1,-1,E:\试点总队\云南data\DH_PL行人道路.shp,Route_ID,-1,-1,E:\试点总队\内蒙古data\DH_PL行人道路.shp,Route_ID,-1,-1,E:\试点总队\北京data\DH_PL行人道路.shp,Route_ID,-1,-1,E:\试点总队\吉林data\DH_PL行人道路.shp,Route_ID,-1,-1,E:\试点总队\四川data\DH_PL行人道路.shp,Route_ID,-1,-1,E:\试点总队\天津data\DH_PL行人道路.shp,Route_ID,-1,-1,E:\试点总队\宁夏data\DH_PL行人道路.shp,Route_ID,-1,-1,E:\试点总队\安徽data\DH_PL行人道路.shp,Route_ID,-1,-1,E:\试点总队\山东data\DH_PL行人道路.shp,Route_ID,-1,-1,E:\试点总队\山西data\DH_PL行人道路.shp,Route_ID,-1,-1,E:\试点总队\广东data\DH_PL行人道路.shp,Route_ID,-1,-1,E:\试点总队\广西data\DH_PL行人道路.shp,Route_ID,-1,-1,E:\试点总队\新疆data\DH_PL行人道路.shp,Route_ID,-1,-1,E:\试点总队\江苏data\DH_PL行人道路.shp,Route_ID,-1,-1,E:\试点总队\江西data\DH_PL行人道路.shp,Route_ID,-1,-1,E:\试点总队\河北数据\DH_PL行人道路.shp,Route_ID,-1,-1,E:\试点总队\河南data\DH_PL行人道路.shp,Route_ID,-1,-1,E:\试点总队\浙江data\DH_PL行人道路.shp,Route_ID,-1,-1,E:\试点总队\海南data\DH_PL行人道路.shp,Route_ID,-1,-1,E:\试点总队\湖北数据\DH_PL行人道路.shp,Route_ID,-1,-1,E:\试点总队\湖南date\DH_PL行人道路.shp,Route_ID,-1,-1,E:\试点总队\甘肃data\DH_PL行人道路.shp,Route_ID,-1,-1,E:\试点总队\福建data\DH_PL行人道路.shp,Route_ID,-1,-1,E:\试点总队\西藏data\DH_PL行人道路.shp,Route_ID,-1,-1,E:\试点总队\贵州data\DH_PL行人道路.shp,Route_ID,-1,-1,E:\试点总队\辽宁date\DH_PL行人道路shp.shp,Route_ID,-1,-1,E:\试点总队\重庆数据\DH_PL行人道路.shp,Route_ID,-1,-1,E:\试点总队\陕西data\DH_PL行人道路.shp,Route_ID,-1,-1,E:\试点总队\青海data\DH_PL行人道路.shp,Route_ID,-1,-1,E:\试点总队\黑龙江数据\DH_PL行人道路.shp,Route_ID,-1,-1;Name_Kind 'Name_Kind' true true false 1 Text 0 0 ,First,#,E:\试点总队\上海data\DH_PL行人道路.shp,Name_Kind,-1,-1,E:\试点总队\云南data\DH_PL行人道路.shp,Name_Kind,-1,-1,E:\试点总队\内蒙古data\DH_PL行人道路.shp,Name_Kind,-1,-1,E:\试点总队\北京data\DH_PL行人道路.shp,Name_Kind,-1,-1,E:\试点总队\吉林data\DH_PL行人道路.shp,Name_Kind,-1,-1,E:\试点总队\四川data\DH_PL行人道路.shp,Name_Kind,-1,-1,E:\试点总队\天津data\DH_PL行人道路.shp,Name_Kind,-1,-1,E:\试点总队\宁夏data\DH_PL行人道路.shp,Name_Kind,-1,-1,E:\试点总队\安徽data\DH_PL行人道路.shp,Name_Kind,-1,-1,E:\试点总队\山东data\DH_PL行人道路.shp,Name_Kind,-1,-1,E:\试点总队\山西data\DH_PL行人道路.shp,Name_Kind,-1,-1,E:\试点总队\广东data\DH_PL行人道路.shp,Name_Kind,-1,-1,E:\试点总队\广西data\DH_PL行人道路.shp,Name_Kind,-1,-1,E:\试点总队\新疆data\DH_PL行人道路.shp,Name_Kind,-1,-1,E:\试点总队\江苏data\DH_PL行人道路.shp,Name_Kind,-1,-1,E:\试点总队\江西data\DH_PL行人道路.shp,Name_Kind,-1,-1,E:\试点总队\河北数据\DH_PL行人道路.shp,Name_Kind,-1,-1,E:\试点总队\河南data\DH_PL行人道路.shp,Name_Kind,-1,-1,E:\试点总队\浙江data\DH_PL行人道路.shp,Name_Kind,-1,-1,E:\试点总队\海南data\DH_PL行人道路.shp,Name_Kind,-1,-1,E:\试点总队\湖北数据\DH_PL行人道路.shp,Name_Kind,-1,-1,E:\试点总队\湖南date\DH_PL行人道路.shp,Name_Kind,-1,-1,E:\试点总队\甘肃data\DH_PL行人道路.shp,Name_Kind,-1,-1,E:\试点总队\福建data\DH_PL行人道路.shp,Name_Kind,-1,-1,E:\试点总队\西藏data\DH_PL行人道路.shp,Name_Kind,-1,-1,E:\试点总队\贵州data\DH_PL行人道路.shp,Name_Kind,-1,-1,E:\试点总队\辽宁date\DH_PL行人道路shp.shp,Name_Kind,-1,-1,E:\试点总队\重庆数据\DH_PL行人道路.shp,Name_Kind,-1,-1,E:\试点总队\陕西data\DH_PL行人道路.shp,Name_Kind,-1,-1,E:\试点总队\青海data\DH_PL行人道路.shp,Name_Kind,-1,-1,E:\试点总队\黑龙江数据\DH_PL行人道路.shp,Name_Kind,-1,-1;Name_Type 'Name_Type' true true false 1 Text 0 0 ,First,#,E:\试点总队\上海data\DH_PL行人道路.shp,Name_Type,-1,-1,E:\试点总队\云南data\DH_PL行人道路.shp,Name_Type,-1,-1,E:\试点总队\内蒙古data\DH_PL行人道路.shp,Name_Type,-1,-1,E:\试点总队\北京data\DH_PL行人道路.shp,Name_Type,-1,-1,E:\试点总队\吉林data\DH_PL行人道路.shp,Name_Type,-1,-1,E:\试点总队\四川data\DH_PL行人道路.shp,Name_Type,-1,-1,E:\试点总队\天津data\DH_PL行人道路.shp,Name_Type,-1,-1,E:\试点总队\宁夏data\DH_PL行人道路.shp,Name_Type,-1,-1,E:\试点总队\安徽data\DH_PL行人道路.shp,Name_Type,-1,-1,E:\试点总队\山东data\DH_PL行人道路.shp,Name_Type,-1,-1,E:\试点总队\山西data\DH_PL行人道路.shp,Name_Type,-1,-1,E:\试点总队\广东data\DH_PL行人道路.shp,Name_Type,-1,-1,E:\试点总队\广西data\DH_PL行人道路.shp,Name_Type,-1,-1,E:\试点总队\新疆data\DH_PL行人道路.shp,Name_Type,-1,-1,E:\试点总队\江苏data\DH_PL行人道路.shp,Name_Type,-1,-1,E:\试点总队\江西data\DH_PL行人道路.shp,Name_Type,-1,-1,E:\试点总队\河北数据\DH_PL行人道路.shp,Name_Type,-1,-1,E:\试点总队\河南data\DH_PL行人道路.shp,Name_Type,-1,-1,E:\试点总队\浙江data\DH_PL行人道路.shp,Name_Type,-1,-1,E:\试点总队\海南data\DH_PL行人道路.shp,Name_Type,-1,-1,E:\试点总队\湖北数据\DH_PL行人道路.shp,Name_Type,-1,-1,E:\试点总队\湖南date\DH_PL行人道路.shp,Name_Type,-1,-1,E:\试点总队\甘肃data\DH_PL行人道路.shp,Name_Type,-1,-1,E:\试点总队\福建data\DH_PL行人道路.shp,Name_Type,-1,-1,E:\试点总队\西藏data\DH_PL行人道路.shp,Name_Type,-1,-1,E:\试点总队\贵州data\DH_PL行人道路.shp,Name_Type,-1,-1,E:\试点总队\辽宁date\DH_PL行人道路shp.shp,Name_Type,-1,-1,E:\试点总队\重庆数据\DH_PL行人道路.shp,Name_Type,-1,-1,E:\试点总队\陕西data\DH_PL行人道路.shp,Name_Type,-1,-1,E:\试点总队\青海data\DH_PL行人道路.shp,Name_Type,-1,-1,E:\试点总队\黑龙江数据\DH_PL行人道路.shp,Name_Type,-1,-1;OID_1 'OID_1' true true false 9 Long 0 9 ,First,#,E:\试点总队\上海data\DH_PL行人道路.shp,OID_1,-1,-1,E:\试点总队\云南data\DH_PL行人道路.shp,OID_1,-1,-1,E:\试点总队\内蒙古data\DH_PL行人道路.shp,OID_1,-1,-1,E:\试点总队\北京data\DH_PL行人道路.shp,OID_1,-1,-1,E:\试点总队\吉林data\DH_PL行人道路.shp,OID_1,-1,-1,E:\试点总队\四川data\DH_PL行人道路.shp,OID_1,-1,-1,E:\试点总队\天津data\DH_PL行人道路.shp,OID_1,-1,-1,E:\试点总队\宁夏data\DH_PL行人道路.shp,OID_1,-1,-1,E:\试点总队\安徽data\DH_PL行人道路.shp,OID_1,-1,-1,E:\试点总队\山东data\DH_PL行人道路.shp,OID_1,-1,-1,E:\试点总队\山西data\DH_PL行人道路.shp,OID_1,-1,-1,E:\试点总队\广东data\DH_PL行人道路.shp,OID_1,-1,-1,E:\试点总队\广西data\DH_PL行人道路.shp,OID_1,-1,-1,E:\试点总队\新疆data\DH_PL行人道路.shp,OID_1,-1,-1,E:\试点总队\江苏data\DH_PL行人道路.shp,OID_1,-1,-1,E:\试点总队\江西data\DH_PL行人道路.shp,OID_1,-1,-1,E:\试点总队\河北数据\DH_PL行人道路.shp,OID_1,-1,-1,E:\试点总队\河南data\DH_PL行人道路.shp,OID_1,-1,-1,E:\试点总队\浙江data\DH_PL行人道路.shp,OID_1,-1,-1,E:\试点总队\海南data\DH_PL行人道路.shp,OID_1,-1,-1,E:\试点总队\湖北数据\DH_PL行人道路.shp,OID_1,-1,-1,E:\试点总队\湖南date\DH_PL行人道路.shp,OID_1,-1,-1,E:\试点总队\甘肃data\DH_PL行人道路.shp,OID_1,-1,-1,E:\试点总队\福建data\DH_PL行人道路.shp,OID_1,-1,-1,E:\试点总队\西藏data\DH_PL行人道路.shp,OID_1,-1,-1,E:\试点总队\贵州data\DH_PL行人道路.shp,OID_1,-1,-1,E:\试点总队\辽宁date\DH_PL行人道路shp.shp,OID_1,-1,-1,E:\试点总队\重庆数据\DH_PL行人道路.shp,OID_1,-1,-1,E:\试点总队\陕西data\DH_PL行人道路.shp,OID_1,-1,-1,E:\试点总队\青海data\DH_PL行人道路.shp,OID_1,-1,-1,E:\试点总队\黑龙江数据\DH_PL行人道路.shp,OID_1,-1,-1;Route_ID_1 'Route_ID_1' true true false 13 Text 0 0 ,First,#,E:\试点总队\上海data\DH_PL行人道路.shp,Route_ID_1,-1,-1,E:\试点总队\云南data\DH_PL行人道路.shp,Route_ID_1,-1,-1,E:\试点总队\内蒙古data\DH_PL行人道路.shp,Route_ID_1,-1,-1,E:\试点总队\北京data\DH_PL行人道路.shp,Route_ID_1,-1,-1,E:\试点总队\吉林data\DH_PL行人道路.shp,Route_ID_1,-1,-1,E:\试点总队\四川data\DH_PL行人道路.shp,Route_ID_1,-1,-1,E:\试点总队\天津data\DH_PL行人道路.shp,Route_ID_1,-1,-1,E:\试点总队\宁夏data\DH_PL行人道路.shp,Route_ID_1,-1,-1,E:\试点总队\安徽data\DH_PL行人道路.shp,Route_ID_1,-1,-1,E:\试点总队\山东data\DH_PL行人道路.shp,Route_ID_1,-1,-1,E:\试点总队\山西data\DH_PL行人道路.shp,Route_ID_1,-1,-1,E:\试点总队\广东data\DH_PL行人道路.shp,Route_ID_1,-1,-1,E:\试点总队\广西data\DH_PL行人道路.shp,Route_ID_1,-1,-1,E:\试点总队\新疆data\DH_PL行人道路.shp,Route_ID_1,-1,-1,E:\试点总队\江苏data\DH_PL行人道路.shp,Route_ID_1,-1,-1,E:\试点总队\江西data\DH_PL行人道路.shp,Route_ID_1,-1,-1,E:\试点总队\河北数据\DH_PL行人道路.shp,Route_ID_1,-1,-1,E:\试点总队\河南data\DH_PL行人道路.shp,Route_ID_1,-1,-1,E:\试点总队\浙江data\DH_PL行人道路.shp,Route_ID_1,-1,-1,E:\试点总队\海南data\DH_PL行人道路.shp,Route_ID_1,-1,-1,E:\试点总队\湖北数据\DH_PL行人道路.shp,Route_ID_1,-1,-1,E:\试点总队\湖南date\DH_PL行人道路.shp,Route_ID_1,-1,-1,E:\试点总队\甘肃data\DH_PL行人道路.shp,Route_ID_1,-1,-1,E:\试点总队\福建data\DH_PL行人道路.shp,Route_ID_1,-1,-1,E:\试点总队\西藏data\DH_PL行人道路.shp,Route_ID_1,-1,-1,E:\试点总队\贵州data\DH_PL行人道路.shp,Route_ID_1,-1,-1,E:\试点总队\辽宁date\DH_PL行人道路shp.shp,Route_ID_1,-1,-1,E:\试点总队\重庆数据\DH_PL行人道路.shp,Route_ID_1,-1,-1,E:\试点总队\陕西data\DH_PL行人道路.shp,Route_ID_1,-1,-1,E:\试点总队\青海data\DH_PL行人道路.shp,Route_ID_1,-1,-1,E:\试点总队\黑龙江数据\DH_PL行人道路.shp,Route_ID_1,-1,-1;Route_Kind 'Route_Kind' true true false 2 Text 0 0 ,First,#,E:\试点总队\上海data\DH_PL行人道路.shp,Route_Kind,-1,-1,E:\试点总队\云南data\DH_PL行人道路.shp,Route_Kind,-1,-1,E:\试点总队\内蒙古data\DH_PL行人道路.shp,Route_Kind,-1,-1,E:\试点总队\北京data\DH_PL行人道路.shp,Route_Kind,-1,-1,E:\试点总队\吉林data\DH_PL行人道路.shp,Route_Kind,-1,-1,E:\试点总队\四川data\DH_PL行人道路.shp,Route_Kind,-1,-1,E:\试点总队\天津data\DH_PL行人道路.shp,Route_Kind,-1,-1,E:\试点总队\宁夏data\DH_PL行人道路.shp,Route_Kind,-1,-1,E:\试点总队\安徽data\DH_PL行人道路.shp,Route_Kind,-1,-1,E:\试点总队\山东data\DH_PL行人道路.shp,Route_Kind,-1,-1,E:\试点总队\山西data\DH_PL行人道路.shp,Route_Kind,-1,-1,E:\试点总队\广东data\DH_PL行人道路.shp,Route_Kind,-1,-1,E:\试点总队\广西data\DH_PL行人道路.shp,Route_Kind,-1,-1,E:\试点总队\新疆data\DH_PL行人道路.shp,Route_Kind,-1,-1,E:\试点总队\江苏data\DH_PL行人道路.shp,Route_Kind,-1,-1,E:\试点总队\江西data\DH_PL行人道路.shp,Route_Kind,-1,-1,E:\试点总队\河北数据\DH_PL行人道路.shp,Route_Kind,-1,-1,E:\试点总队\河南data\DH_PL行人道路.shp,Route_Kind,-1,-1,E:\试点总队\浙江data\DH_PL行人道路.shp,Route_Kind,-1,-1,E:\试点总队\海南data\DH_PL行人道路.shp,Route_Kind,-1,-1,E:\试点总队\湖北数据\DH_PL行人道路.shp,Route_Kind,-1,-1,E:\试点总队\湖南date\DH_PL行人道路.shp,Route_Kind,-1,-1,E:\试点总队\甘肃data\DH_PL行人道路.shp,Route_Kind,-1,-1,E:\试点总队\福建data\DH_PL行人道路.shp,Route_Kind,-1,-1,E:\试点总队\西藏data\DH_PL行人道路.shp,Route_Kind,-1,-1,E:\试点总队\贵州data\DH_PL行人道路.shp,Route_Kind,-1,-1,E:\试点总队\辽宁date\DH_PL行人道路shp.shp,Route_Kind,-1,-1,E:\试点总队\重庆数据\DH_PL行人道路.shp,Route_Kind,-1,-1,E:\试点总队\陕西data\DH_PL行人道路.shp,Route_Kind,-1,-1,E:\试点总队\青海data\DH_PL行人道路.shp,Route_Kind,-1,-1,E:\试点总队\黑龙江数据\DH_PL行人道路.shp,Route_Kind,-1,-1;PathName 'PathName' true true false 60 Text 0 0 ,First,#,E:\试点总队\上海data\DH_PL行人道路.shp,PathName,-1,-1,E:\试点总队\云南data\DH_PL行人道路.shp,PathName,-1,-1,E:\试点总队\内蒙古data\DH_PL行人道路.shp,PathName,-1,-1,E:\试点总队\北京data\DH_PL行人道路.shp,PathName,-1,-1,E:\试点总队\吉林data\DH_PL行人道路.shp,PathName,-1,-1,E:\试点总队\四川data\DH_PL行人道路.shp,PathName,-1,-1,E:\试点总队\天津data\DH_PL行人道路.shp,PathName,-1,-1,E:\试点总队\宁夏data\DH_PL行人道路.shp,PathName,-1,-1,E:\试点总队\安徽data\DH_PL行人道路.shp,PathName,-1,-1,E:\试点总队\山东data\DH_PL行人道路.shp,PathName,-1,-1,E:\试点总队\山西data\DH_PL行人道路.shp,PathName,-1,-1,E:\试点总队\广东data\DH_PL行人道路.shp,PathName,-1,-1,E:\试点总队\广西data\DH_PL行人道路.shp,PathName,-1,-1,E:\试点总队\新疆data\DH_PL行人道路.shp,PathName,-1,-1,E:\试点总队\江苏data\DH_PL行人道路.shp,PathName,-1,-1,E:\试点总队\江西data\DH_PL行人道路.shp,PathName,-1,-1,E:\试点总队\河北数据\DH_PL行人道路.shp,PathName,-1,-1,E:\试点总队\河南data\DH_PL行人道路.shp,PathName,-1,-1,E:\试点总队\浙江data\DH_PL行人道路.shp,PathName,-1,-1,E:\试点总队\海南data\DH_PL行人道路.shp,PathName,-1,-1,E:\试点总队\湖北数据\DH_PL行人道路.shp,PathName,-1,-1,E:\试点总队\湖南date\DH_PL行人道路.shp,PathName,-1,-1,E:\试点总队\甘肃data\DH_PL行人道路.shp,PathName,-1,-1,E:\试点总队\福建data\DH_PL行人道路.shp,PathName,-1,-1,E:\试点总队\西藏data\DH_PL行人道路.shp,PathName,-1,-1,E:\试点总队\贵州data\DH_PL行人道路.shp,PathName,-1,-1,E:\试点总队\辽宁date\DH_PL行人道路shp.shp,PathName,-1,-1,E:\试点总队\重庆数据\DH_PL行人道路.shp,PathName,-1,-1,E:\试点总队\陕西data\DH_PL行人道路.shp,PathName,-1,-1,E:\试点总队\青海data\DH_PL行人道路.shp,PathName,-1,-1,E:\试点总队\黑龙江数据\DH_PL行人道路.shp,PathName,-1,-1;PathPY 'PathPY' true true false 160 Text 0 0 ,First,#,E:\试点总队\上海data\DH_PL行人道路.shp,PathPY,-1,-1,E:\试点总队\云南data\DH_PL行人道路.shp,PathPY,-1,-1,E:\试点总队\内蒙古data\DH_PL行人道路.shp,PathPY,-1,-1,E:\试点总队\北京data\DH_PL行人道路.shp,PathPY,-1,-1,E:\试点总队\吉林data\DH_PL行人道路.shp,PathPY,-1,-1,E:\试点总队\四川data\DH_PL行人道路.shp,PathPY,-1,-1,E:\试点总队\天津data\DH_PL行人道路.shp,PathPY,-1,-1,E:\试点总队\宁夏data\DH_PL行人道路.shp,PathPY,-1,-1,E:\试点总队\安徽data\DH_PL行人道路.shp,PathPY,-1,-1,E:\试点总队\山东data\DH_PL行人道路.shp,PathPY,-1,-1,E:\试点总队\山西data\DH_PL行人道路.shp,PathPY,-1,-1,E:\试点总队\广东data\DH_PL行人道路.shp,PathPY,-1,-1,E:\试点总队\广西data\DH_PL行人道路.shp,PathPY,-1,-1,E:\试点总队\新疆data\DH_PL行人道路.shp,PathPY,-1,-1,E:\试点总队\江苏data\DH_PL行人道路.shp,PathPY,-1,-1,E:\试点总队\江西data\DH_PL行人道路.shp,PathPY,-1,-1,E:\试点总队\河北数据\DH_PL行人道路.shp,PathPY,-1,-1,E:\试点总队\河南data\DH_PL行人道路.shp,PathPY,-1,-1,E:\试点总队\浙江data\DH_PL行人道路.shp,PathPY,-1,-1,E:\试点总队\海南data\DH_PL行人道路.shp,PathPY,-1,-1,E:\试点总队\湖北数据\DH_PL行人道路.shp,PathPY,-1,-1,E:\试点总队\湖南date\DH_PL行人道路.shp,PathPY,-1,-1,E:\试点总队\甘肃data\DH_PL行人道路.shp,PathPY,-1,-1,E:\试点总队\福建data\DH_PL行人道路.shp,PathPY,-1,-1,E:\试点总队\西藏data\DH_PL行人道路.shp,PathPY,-1,-1,E:\试点总队\贵州data\DH_PL行人道路.shp,PathPY,-1,-1,E:\试点总队\辽宁date\DH_PL行人道路shp.shp,PathPY,-1,-1,E:\试点总队\重庆数据\DH_PL行人道路.shp,PathPY,-1,-1,E:\试点总队\陕西data\DH_PL行人道路.shp,PathPY,-1,-1,E:\试点总队\青海data\DH_PL行人道路.shp,PathPY,-1,-1,E:\试点总队\黑龙江数据\DH_PL行人道路.shp,PathPY,-1,-1;PreName 'PreName' true true false 6 Text 0 0 ,First,#,E:\试点总队\上海data\DH_PL行人道路.shp,PreName,-1,-1,E:\试点总队\云南data\DH_PL行人道路.shp,PreName,-1,-1,E:\试点总队\内蒙古data\DH_PL行人道路.shp,PreName,-1,-1,E:\试点总队\北京data\DH_PL行人道路.shp,PreName,-1,-1,E:\试点总队\吉林data\DH_PL行人道路.shp,PreName,-1,-1,E:\试点总队\四川data\DH_PL行人道路.shp,PreName,-1,-1,E:\试点总队\天津data\DH_PL行人道路.shp,PreName,-1,-1,E:\试点总队\宁夏data\DH_PL行人道路.shp,PreName,-1,-1,E:\试点总队\安徽data\DH_PL行人道路.shp,PreName,-1,-1,E:\试点总队\山东data\DH_PL行人道路.shp,PreName,-1,-1,E:\试点总队\山西data\DH_PL行人道路.shp,PreName,-1,-1,E:\试点总队\广东data\DH_PL行人道路.shp,PreName,-1,-1,E:\试点总队\广西data\DH_PL行人道路.shp,PreName,-1,-1,E:\试点总队\新疆data\DH_PL行人道路.shp,PreName,-1,-1,E:\试点总队\江苏data\DH_PL行人道路.shp,PreName,-1,-1,E:\试点总队\江西data\DH_PL行人道路.shp,PreName,-1,-1,E:\试点总队\河北数据\DH_PL行人道路.shp,PreName,-1,-1,E:\试点总队\河南data\DH_PL行人道路.shp,PreName,-1,-1,E:\试点总队\浙江data\DH_PL行人道路.shp,PreName,-1,-1,E:\试点总队\海南data\DH_PL行人道路.shp,PreName,-1,-1,E:\试点总队\湖北数据\DH_PL行人道路.shp,PreName,-1,-1,E:\试点总队\湖南date\DH_PL行人道路.shp,PreName,-1,-1,E:\试点总队\甘肃data\DH_PL行人道路.shp,PreName,-1,-1,E:\试点总队\福建data\DH_PL行人道路.shp,PreName,-1,-1,E:\试点总队\西藏data\DH_PL行人道路.shp,PreName,-1,-1,E:\试点总队\贵州data\DH_PL行人道路.shp,PreName,-1,-1,E:\试点总队\辽宁date\DH_PL行人道路shp.shp,PreName,-1,-1,E:\试点总队\重庆数据\DH_PL行人道路.shp,PreName,-1,-1,E:\试点总队\陕西data\DH_PL行人道路.shp,PreName,-1,-1,E:\试点总队\青海data\DH_PL行人道路.shp,PreName,-1,-1,E:\试点总队\黑龙江数据\DH_PL行人道路.shp,PreName,-1,-1;PrePY 'PrePY' true true false 20 Text 0 0 ,First,#,E:\试点总队\上海data\DH_PL行人道路.shp,PrePY,-1,-1,E:\试点总队\云南data\DH_PL行人道路.shp,PrePY,-1,-1,E:\试点总队\内蒙古data\DH_PL行人道路.shp,PrePY,-1,-1,E:\试点总队\北京data\DH_PL行人道路.shp,PrePY,-1,-1,E:\试点总队\吉林data\DH_PL行人道路.shp,PrePY,-1,-1,E:\试点总队\四川data\DH_PL行人道路.shp,PrePY,-1,-1,E:\试点总队\天津data\DH_PL行人道路.shp,PrePY,-1,-1,E:\试点总队\宁夏data\DH_PL行人道路.shp,PrePY,-1,-1,E:\试点总队\安徽data\DH_PL行人道路.shp,PrePY,-1,-1,E:\试点总队\山东data\DH_PL行人道路.shp,PrePY,-1,-1,E:\试点总队\山西data\DH_PL行人道路.shp,PrePY,-1,-1,E:\试点总队\广东data\DH_PL行人道路.shp,PrePY,-1,-1,E:\试点总队\广西data\DH_PL行人道路.shp,PrePY,-1,-1,E:\试点总队\新疆data\DH_PL行人道路.shp,PrePY,-1,-1,E:\试点总队\江苏data\DH_PL行人道路.shp,PrePY,-1,-1,E:\试点总队\江西data\DH_PL行人道路.shp,PrePY,-1,-1,E:\试点总队\河北数据\DH_PL行人道路.shp,PrePY,-1,-1,E:\试点总队\河南data\DH_PL行人道路.shp,PrePY,-1,-1,E:\试点总队\浙江data\DH_PL行人道路.shp,PrePY,-1,-1,E:\试点总队\海南data\DH_PL行人道路.shp,PrePY,-1,-1,E:\试点总队\湖北数据\DH_PL行人道路.shp,PrePY,-1,-1,E:\试点总队\湖南date\DH_PL行人道路.shp,PrePY,-1,-1,E:\试点总队\甘肃data\DH_PL行人道路.shp,PrePY,-1,-1,E:\试点总队\福建data\DH_PL行人道路.shp,PrePY,-1,-1,E:\试点总队\西藏data\DH_PL行人道路.shp,PrePY,-1,-1,E:\试点总队\贵州data\DH_PL行人道路.shp,PrePY,-1,-1,E:\试点总队\辽宁date\DH_PL行人道路shp.shp,PrePY,-1,-1,E:\试点总队\重庆数据\DH_PL行人道路.shp,PrePY,-1,-1,E:\试点总队\陕西data\DH_PL行人道路.shp,PrePY,-1,-1,E:\试点总队\青海data\DH_PL行人道路.shp,PrePY,-1,-1,E:\试点总队\黑龙江数据\DH_PL行人道路.shp,PrePY,-1,-1;BaseName 'BaseName' true true false 60 Text 0 0 ,First,#,E:\试点总队\上海data\DH_PL行人道路.shp,BaseName,-1,-1,E:\试点总队\云南data\DH_PL行人道路.shp,BaseName,-1,-1,E:\试点总队\内蒙古data\DH_PL行人道路.shp,BaseName,-1,-1,E:\试点总队\北京data\DH_PL行人道路.shp,BaseName,-1,-1,E:\试点总队\吉林data\DH_PL行人道路.shp,BaseName,-1,-1,E:\试点总队\四川data\DH_PL行人道路.shp,BaseName,-1,-1,E:\试点总队\天津data\DH_PL行人道路.shp,BaseName,-1,-1,E:\试点总队\宁夏data\DH_PL行人道路.shp,BaseName,-1,-1,E:\试点总队\安徽data\DH_PL行人道路.shp,BaseName,-1,-1,E:\试点总队\山东data\DH_PL行人道路.shp,BaseName,-1,-1,E:\试点总队\山西data\DH_PL行人道路.shp,BaseName,-1,-1,E:\试点总队\广东data\DH_PL行人道路.shp,BaseName,-1,-1,E:\试点总队\广西data\DH_PL行人道路.shp,BaseName,-1,-1,E:\试点总队\新疆data\DH_PL行人道路.shp,BaseName,-1,-1,E:\试点总队\江苏data\DH_PL行人道路.shp,BaseName,-1,-1,E:\试点总队\江西data\DH_PL行人道路.shp,BaseName,-1,-1,E:\试点总队\河北数据\DH_PL行人道路.shp,BaseName,-1,-1,E:\试点总队\河南data\DH_PL行人道路.shp,BaseName,-1,-1,E:\试点总队\浙江data\DH_PL行人道路.shp,BaseName,-1,-1,E:\试点总队\海南data\DH_PL行人道路.shp,BaseName,-1,-1,E:\试点总队\湖北数据\DH_PL行人道路.shp,BaseName,-1,-1,E:\试点总队\湖南date\DH_PL行人道路.shp,BaseName,-1,-1,E:\试点总队\甘肃data\DH_PL行人道路.shp,BaseName,-1,-1,E:\试点总队\福建data\DH_PL行人道路.shp,BaseName,-1,-1,E:\试点总队\西藏data\DH_PL行人道路.shp,BaseName,-1,-1,E:\试点总队\贵州data\DH_PL行人道路.shp,BaseName,-1,-1,E:\试点总队\辽宁date\DH_PL行人道路shp.shp,BaseName,-1,-1,E:\试点总队\重庆数据\DH_PL行人道路.shp,BaseName,-1,-1,E:\试点总队\陕西data\DH_PL行人道路.shp,BaseName,-1,-1,E:\试点总队\青海data\DH_PL行人道路.shp,BaseName,-1,-1,E:\试点总队\黑龙江数据\DH_PL行人道路.shp,BaseName,-1,-1;BasePY 'BasePY' true true false 160 Text 0 0 ,First,#,E:\试点总队\上海data\DH_PL行人道路.shp,BasePY,-1,-1,E:\试点总队\云南data\DH_PL行人道路.shp,BasePY,-1,-1,E:\试点总队\内蒙古data\DH_PL行人道路.shp,BasePY,-1,-1,E:\试点总队\北京data\DH_PL行人道路.shp,BasePY,-1,-1,E:\试点总队\吉林data\DH_PL行人道路.shp,BasePY,-1,-1,E:\试点总队\四川data\DH_PL行人道路.shp,BasePY,-1,-1,E:\试点总队\天津data\DH_PL行人道路.shp,BasePY,-1,-1,E:\试点总队\宁夏data\DH_PL行人道路.shp,BasePY,-1,-1,E:\试点总队\安徽data\DH_PL行人道路.shp,BasePY,-1,-1,E:\试点总队\山东data\DH_PL行人道路.shp,BasePY,-1,-1,E:\试点总队\山西data\DH_PL行人道路.shp,BasePY,-1,-1,E:\试点总队\广东data\DH_PL行人道路.shp,BasePY,-1,-1,E:\试点总队\广西data\DH_PL行人道路.shp,BasePY,-1,-1,E:\试点总队\新疆data\DH_PL行人道路.shp,BasePY,-1,-1,E:\试点总队\江苏data\DH_PL行人道路.shp,BasePY,-1,-1,E:\试点总队\江西data\DH_PL行人道路.shp,BasePY,-1,-1,E:\试点总队\河北数据\DH_PL行人道路.shp,BasePY,-1,-1,E:\试点总队\河南data\DH_PL行人道路.shp,BasePY,-1,-1,E:\试点总队\浙江data\DH_PL行人道路.shp,BasePY,-1,-1,E:\试点总队\海南data\DH_PL行人道路.shp,BasePY,-1,-1,E:\试点总队\湖北数据\DH_PL行人道路.shp,BasePY,-1,-1,E:\试点总队\湖南date\DH_PL行人道路.shp,BasePY,-1,-1,E:\试点总队\甘肃data\DH_PL行人道路.shp,BasePY,-1,-1,E:\试点总队\福建data\DH_PL行人道路.shp,BasePY,-1,-1,E:\试点总队\西藏data\DH_PL行人道路.shp,BasePY,-1,-1,E:\试点总队\贵州data\DH_PL行人道路.shp,BasePY,-1,-1,E:\试点总队\辽宁date\DH_PL行人道路shp.shp,BasePY,-1,-1,E:\试点总队\重庆数据\DH_PL行人道路.shp,BasePY,-1,-1,E:\试点总队\陕西data\DH_PL行人道路.shp,BasePY,-1,-1,E:\试点总队\青海data\DH_PL行人道路.shp,BasePY,-1,-1,E:\试点总队\黑龙江数据\DH_PL行人道路.shp,BasePY,-1,-1;StTpName 'StTpName' true true false 15 Text 0 0 ,First,#,E:\试点总队\上海data\DH_PL行人道路.shp,StTpName,-1,-1,E:\试点总队\云南data\DH_PL行人道路.shp,StTpName,-1,-1,E:\试点总队\内蒙古data\DH_PL行人道路.shp,StTpName,-1,-1,E:\试点总队\北京data\DH_PL行人道路.shp,StTpName,-1,-1,E:\试点总队\吉林data\DH_PL行人道路.shp,StTpName,-1,-1,E:\试点总队\四川data\DH_PL行人道路.shp,StTpName,-1,-1,E:\试点总队\天津data\DH_PL行人道路.shp,StTpName,-1,-1,E:\试点总队\宁夏data\DH_PL行人道路.shp,StTpName,-1,-1,E:\试点总队\安徽data\DH_PL行人道路.shp,StTpName,-1,-1,E:\试点总队\山东data\DH_PL行人道路.shp,StTpName,-1,-1,E:\试点总队\山西data\DH_PL行人道路.shp,StTpName,-1,-1,E:\试点总队\广东data\DH_PL行人道路.shp,StTpName,-1,-1,E:\试点总队\广西data\DH_PL行人道路.shp,StTpName,-1,-1,E:\试点总队\新疆data\DH_PL行人道路.shp,StTpName,-1,-1,E:\试点总队\江苏data\DH_PL行人道路.shp,StTpName,-1,-1,E:\试点总队\江西data\DH_PL行人道路.shp,StTpName,-1,-1,E:\试点总队\河北数据\DH_PL行人道路.shp,StTpName,-1,-1,E:\试点总队\河南data\DH_PL行人道路.shp,StTpName,-1,-1,E:\试点总队\浙江data\DH_PL行人道路.shp,StTpName,-1,-1,E:\试点总队\海南data\DH_PL行人道路.shp,StTpName,-1,-1,E:\试点总队\湖北数据\DH_PL行人道路.shp,StTpName,-1,-1,E:\试点总队\湖南date\DH_PL行人道路.shp,StTpName,-1,-1,E:\试点总队\甘肃data\DH_PL行人道路.shp,StTpName,-1,-1,E:\试点总队\福建data\DH_PL行人道路.shp,StTpName,-1,-1,E:\试点总队\西藏data\DH_PL行人道路.shp,StTpName,-1,-1,E:\试点总队\贵州data\DH_PL行人道路.shp,StTpName,-1,-1,E:\试点总队\辽宁date\DH_PL行人道路shp.shp,StTpName,-1,-1,E:\试点总队\重庆数据\DH_PL行人道路.shp,StTpName,-1,-1,E:\试点总队\陕西data\DH_PL行人道路.shp,StTpName,-1,-1,E:\试点总队\青海data\DH_PL行人道路.shp,StTpName,-1,-1,E:\试点总队\黑龙江数据\DH_PL行人道路.shp,StTpName,-1,-1;StTpPY 'StTpPY' true true false 30 Text 0 0 ,First,#,E:\试点总队\上海data\DH_PL行人道路.shp,StTpPY,-1,-1,E:\试点总队\云南data\DH_PL行人道路.shp,StTpPY,-1,-1,E:\试点总队\内蒙古data\DH_PL行人道路.shp,StTpPY,-1,-1,E:\试点总队\北京data\DH_PL行人道路.shp,StTpPY,-1,-1,E:\试点总队\吉林data\DH_PL行人道路.shp,StTpPY,-1,-1,E:\试点总队\四川data\DH_PL行人道路.shp,StTpPY,-1,-1,E:\试点总队\天津data\DH_PL行人道路.shp,StTpPY,-1,-1,E:\试点总队\宁夏data\DH_PL行人道路.shp,StTpPY,-1,-1,E:\试点总队\安徽data\DH_PL行人道路.shp,StTpPY,-1,-1,E:\试点总队\山东data\DH_PL行人道路.shp,StTpPY,-1,-1,E:\试点总队\山西data\DH_PL行人道路.shp,StTpPY,-1,-1,E:\试点总队\广东data\DH_PL行人道路.shp,StTpPY,-1,-1,E:\试点总队\广西data\DH_PL行人道路.shp,StTpPY,-1,-1,E:\试点总队\新疆data\DH_PL行人道路.shp,StTpPY,-1,-1,E:\试点总队\江苏data\DH_PL行人道路.shp,StTpPY,-1,-1,E:\试点总队\江西data\DH_PL行人道路.shp,StTpPY,-1,-1,E:\试点总队\河北数据\DH_PL行人道路.shp,StTpPY,-1,-1,E:\试点总队\河南data\DH_PL行人道路.shp,StTpPY,-1,-1,E:\试点总队\浙江data\DH_PL行人道路.shp,StTpPY,-1,-1,E:\试点总队\海南data\DH_PL行人道路.shp,StTpPY,-1,-1,E:\试点总队\湖北数据\DH_PL行人道路.shp,StTpPY,-1,-1,E:\试点总队\湖南date\DH_PL行人道路.shp,StTpPY,-1,-1,E:\试点总队\甘肃data\DH_PL行人道路.shp,StTpPY,-1,-1,E:\试点总队\福建data\DH_PL行人道路.shp,StTpPY,-1,-1,E:\试点总队\西藏data\DH_PL行人道路.shp,StTpPY,-1,-1,E:\试点总队\贵州data\DH_PL行人道路.shp,StTpPY,-1,-1,E:\试点总队\辽宁date\DH_PL行人道路shp.shp,StTpPY,-1,-1,E:\试点总队\重庆数据\DH_PL行人道路.shp,StTpPY,-1,-1,E:\试点总队\陕西data\DH_PL行人道路.shp,StTpPY,-1,-1,E:\试点总队\青海data\DH_PL行人道路.shp,StTpPY,-1,-1,E:\试点总队\黑龙江数据\DH_PL行人道路.shp,StTpPY,-1,-1;SurName 'SurName' true true false 6 Text 0 0 ,First,#,E:\试点总队\上海data\DH_PL行人道路.shp,SurName,-1,-1,E:\试点总队\云南data\DH_PL行人道路.shp,SurName,-1,-1,E:\试点总队\内蒙古data\DH_PL行人道路.shp,SurName,-1,-1,E:\试点总队\北京data\DH_PL行人道路.shp,SurName,-1,-1,E:\试点总队\吉林data\DH_PL行人道路.shp,SurName,-1,-1,E:\试点总队\四川data\DH_PL行人道路.shp,SurName,-1,-1,E:\试点总队\天津data\DH_PL行人道路.shp,SurName,-1,-1,E:\试点总队\宁夏data\DH_PL行人道路.shp,SurName,-1,-1,E:\试点总队\安徽data\DH_PL行人道路.shp,SurName,-1,-1,E:\试点总队\山东data\DH_PL行人道路.shp,SurName,-1,-1,E:\试点总队\山西data\DH_PL行人道路.shp,SurName,-1,-1,E:\试点总队\广东data\DH_PL行人道路.shp,SurName,-1,-1,E:\试点总队\广西data\DH_PL行人道路.shp,SurName,-1,-1,E:\试点总队\新疆data\DH_PL行人道路.shp,SurName,-1,-1,E:\试点总队\江苏data\DH_PL行人道路.shp,SurName,-1,-1,E:\试点总队\江西data\DH_PL行人道路.shp,SurName,-1,-1,E:\试点总队\河北数据\DH_PL行人道路.shp,SurName,-1,-1,E:\试点总队\河南data\DH_PL行人道路.shp,SurName,-1,-1,E:\试点总队\浙江data\DH_PL行人道路.shp,SurName,-1,-1,E:\试点总队\海南data\DH_PL行人道路.shp,SurName,-1,-1,E:\试点总队\湖北数据\DH_PL行人道路.shp,SurName,-1,-1,E:\试点总队\湖南date\DH_PL行人道路.shp,SurName,-1,-1,E:\试点总队\甘肃data\DH_PL行人道路.shp,SurName,-1,-1,E:\试点总队\福建data\DH_PL行人道路.shp,SurName,-1,-1,E:\试点总队\西藏data\DH_PL行人道路.shp,SurName,-1,-1,E:\试点总队\贵州data\DH_PL行人道路.shp,SurName,-1,-1,E:\试点总队\辽宁date\DH_PL行人道路shp.shp,SurName,-1,-1,E:\试点总队\重庆数据\DH_PL行人道路.shp,SurName,-1,-1,E:\试点总队\陕西data\DH_PL行人道路.shp,SurName,-1,-1,E:\试点总队\青海data\DH_PL行人道路.shp,SurName,-1,-1,E:\试点总队\黑龙江数据\DH_PL行人道路.shp,SurName,-1,-1;SurPY 'SurPY' true true false 20 Text 0 0 ,First,#,E:\试点总队\上海data\DH_PL行人道路.shp,SurPY,-1,-1,E:\试点总队\云南data\DH_PL行人道路.shp,SurPY,-1,-1,E:\试点总队\内蒙古data\DH_PL行人道路.shp,SurPY,-1,-1,E:\试点总队\北京data\DH_PL行人道路.shp,SurPY,-1,-1,E:\试点总队\吉林data\DH_PL行人道路.shp,SurPY,-1,-1,E:\试点总队\四川data\DH_PL行人道路.shp,SurPY,-1,-1,E:\试点总队\天津data\DH_PL行人道路.shp,SurPY,-1,-1,E:\试点总队\宁夏data\DH_PL行人道路.shp,SurPY,-1,-1,E:\试点总队\安徽data\DH_PL行人道路.shp,SurPY,-1,-1,E:\试点总队\山东data\DH_PL行人道路.shp,SurPY,-1,-1,E:\试点总队\山西data\DH_PL行人道路.shp,SurPY,-1,-1,E:\试点总队\广东data\DH_PL行人道路.shp,SurPY,-1,-1,E:\试点总队\广西data\DH_PL行人道路.shp,SurPY,-1,-1,E:\试点总队\新疆data\DH_PL行人道路.shp,SurPY,-1,-1,E:\试点总队\江苏data\DH_PL行人道路.shp,SurPY,-1,-1,E:\试点总队\江西data\DH_PL行人道路.shp,SurPY,-1,-1,E:\试点总队\河北数据\DH_PL行人道路.shp,SurPY,-1,-1,E:\试点总队\河南data\DH_PL行人道路.shp,SurPY,-1,-1,E:\试点总队\浙江data\DH_PL行人道路.shp,SurPY,-1,-1,E:\试点总队\海南data\DH_PL行人道路.shp,SurPY,-1,-1,E:\试点总队\湖北数据\DH_PL行人道路.shp,SurPY,-1,-1,E:\试点总队\湖南date\DH_PL行人道路.shp,SurPY,-1,-1,E:\试点总队\甘肃data\DH_PL行人道路.shp,SurPY,-1,-1,E:\试点总队\福建data\DH_PL行人道路.shp,SurPY,-1,-1,E:\试点总队\西藏data\DH_PL行人道路.shp,SurPY,-1,-1,E:\试点总队\贵州data\DH_PL行人道路.shp,SurPY,-1,-1,E:\试点总队\辽宁date\DH_PL行人道路shp.shp,SurPY,-1,-1,E:\试点总队\重庆数据\DH_PL行人道路.shp,SurPY,-1,-1,E:\试点总队\陕西data\DH_PL行人道路.shp,SurPY,-1,-1,E:\试点总队\青海data\DH_PL行人道路.shp,SurPY,-1,-1,E:\试点总队\黑龙江数据\DH_PL行人道路.shp,SurPY,-1,-1;Language 'Language' true true false 2 Text 0 0 ,First,#,E:\试点总队\上海data\DH_PL行人道路.shp,Language,-1,-1,E:\试点总队\云南data\DH_PL行人道路.shp,Language,-1,-1,E:\试点总队\内蒙古data\DH_PL行人道路.shp,Language,-1,-1,E:\试点总队\北京data\DH_PL行人道路.shp,Language,-1,-1,E:\试点总队\吉林data\DH_PL行人道路.shp,Language,-1,-1,E:\试点总队\四川data\DH_PL行人道路.shp,Language,-1,-1,E:\试点总队\天津data\DH_PL行人道路.shp,Language,-1,-1,E:\试点总队\宁夏data\DH_PL行人道路.shp,Language,-1,-1,E:\试点总队\安徽data\DH_PL行人道路.shp,Language,-1,-1,E:\试点总队\山东data\DH_PL行人道路.shp,Language,-1,-1,E:\试点总队\山西data\DH_PL行人道路.shp,Language,-1,-1,E:\试点总队\广东data\DH_PL行人道路.shp,Language,-1,-1,E:\试点总队\广西data\DH_PL行人道路.shp,Language,-1,-1,E:\试点总队\新疆data\DH_PL行人道路.shp,Language,-1,-1,E:\试点总队\江苏data\DH_PL行人道路.shp,Language,-1,-1,E:\试点总队\江西data\DH_PL行人道路.shp,Language,-1,-1,E:\试点总队\河北数据\DH_PL行人道路.shp,Language,-1,-1,E:\试点总队\河南data\DH_PL行人道路.shp,Language,-1,-1,E:\试点总队\浙江data\DH_PL行人道路.shp,Language,-1,-1,E:\试点总队\海南data\DH_PL行人道路.shp,Language,-1,-1,E:\试点总队\湖北数据\DH_PL行人道路.shp,Language,-1,-1,E:\试点总队\湖南date\DH_PL行人道路.shp,Language,-1,-1,E:\试点总队\甘肃data\DH_PL行人道路.shp,Language,-1,-1,E:\试点总队\福建data\DH_PL行人道路.shp,Language,-1,-1,E:\试点总队\西藏data\DH_PL行人道路.shp,Language,-1,-1,E:\试点总队\贵州data\DH_PL行人道路.shp,Language,-1,-1,E:\试点总队\辽宁date\DH_PL行人道路shp.shp,Language,-1,-1,E:\试点总队\重庆数据\DH_PL行人道路.shp,Language,-1,-1,E:\试点总队\陕西data\DH_PL行人道路.shp,Language,-1,-1,E:\试点总队\青海data\DH_PL行人道路.shp,Language,-1,-1,E:\试点总队\黑龙江数据\DH_PL行人道路.shp,Language,-1,-1;StTpLoc 'StTpLoc' true true false 1 Text 0 0 ,First,#,E:\试点总队\上海data\DH_PL行人道路.shp,StTpLoc,-1,-1,E:\试点总队\云南data\DH_PL行人道路.shp,StTpLoc,-1,-1,E:\试点总队\内蒙古data\DH_PL行人道路.shp,StTpLoc,-1,-1,E:\试点总队\北京data\DH_PL行人道路.shp,StTpLoc,-1,-1,E:\试点总队\吉林data\DH_PL行人道路.shp,StTpLoc,-1,-1,E:\试点总队\四川data\DH_PL行人道路.shp,StTpLoc,-1,-1,E:\试点总队\天津data\DH_PL行人道路.shp,StTpLoc,-1,-1,E:\试点总队\宁夏data\DH_PL行人道路.shp,StTpLoc,-1,-1,E:\试点总队\安徽data\DH_PL行人道路.shp,StTpLoc,-1,-1,E:\试点总队\山东data\DH_PL行人道路.shp,StTpLoc,-1,-1,E:\试点总队\山西data\DH_PL行人道路.shp,StTpLoc,-1,-1,E:\试点总队\广东data\DH_PL行人道路.shp,StTpLoc,-1,-1,E:\试点总队\广西data\DH_PL行人道路.shp,StTpLoc,-1,-1,E:\试点总队\新疆data\DH_PL行人道路.shp,StTpLoc,-1,-1,E:\试点总队\江苏data\DH_PL行人道路.shp,StTpLoc,-1,-1,E:\试点总队\江西data\DH_PL行人道路.shp,StTpLoc,-1,-1,E:\试点总队\河北数据\DH_PL行人道路.shp,StTpLoc,-1,-1,E:\试点总队\河南data\DH_PL行人道路.shp,StTpLoc,-1,-1,E:\试点总队\浙江data\DH_PL行人道路.shp,StTpLoc,-1,-1,E:\试点总队\海南data\DH_PL行人道路.shp,StTpLoc,-1,-1,E:\试点总队\湖北数据\DH_PL行人道路.shp,StTpLoc,-1,-1,E:\试点总队\湖南date\DH_PL行人道路.shp,StTpLoc,-1,-1,E:\试点总队\甘肃data\DH_PL行人道路.shp,StTpLoc,-1,-1,E:\试点总队\福建data\DH_PL行人道路.shp,StTpLoc,-1,-1,E:\试点总队\西藏data\DH_PL行人道路.shp,StTpLoc,-1,-1,E:\试点总队\贵州data\DH_PL行人道路.shp,StTpLoc,-1,-1,E:\试点总队\辽宁date\DH_PL行人道路shp.shp,StTpLoc,-1,-1,E:\试点总队\重庆数据\DH_PL行人道路.shp,StTpLoc,-1,-1,E:\试点总队\陕西data\DH_PL行人道路.shp,StTpLoc,-1,-1,E:\试点总队\青海data\DH_PL行人道路.shp,StTpLoc,-1,-1,E:\试点总队\黑龙江数据\DH_PL行人道路.shp,StTpLoc,-1,-1"</Process><Process ToolSource="D:\ArcGIS\ArcToolbox\Toolboxes\Data Management Tools.tbx\CopyFeatures" Date="20110112" Time="155440">CopyFeatures E:\试点总队\合并图层\全国总队\DH_PL行人道路.shp D:\全国总队.gdb\DH_PL行人道路 # 0 0 0</Process><Process ToolSource="C:\ArcGIS\ArcToolbox\Toolboxes\Data Management Tools.tbx\CopyFeatures" Date="20110414" Time="102951">CopyFeatures C:\全国总队.gdb\DH_PL行人道路 C:\全国总队\全国总队.gdb\qgzd\DH_PL行人道路 # 0 0 0</Process><Process ToolSource="C:\Program Files\ArcGIS\ArcToolbox\Toolboxes\Analysis Tools.tbx\Clip" Date="20130626" Time="160605">Clip E:\msd_mxd_gdb\全国总队.gdb\qgzd\DH_PL行人道路 E:\msd_mxd_gdb\湖南省行政区划.shp E:\msd_mxd_gdb\全国总队.gdb\qgzd\DH_PL行人道路_Clip #</Process><Process ToolSource="C:\Program Files (x86)\ArcGIS\Desktop10.0\ArcToolbox\Toolboxes\Analysis Tools.tbx\Clip" Date="20161107" Time="142710">Clip DH_PL行人道路 CSX D:\VS_project\DXApplication2\DXApplication2\bin\Debug\Map\baseMap\CSX\WalkingRoad.shp #</Process></lineage><itemProps><itemName Sync="TRUE">WalkingRoad</itemName><imsContentType Sync="TRUE">002</imsContentType><itemSize Sync="TRUE">0.000</itemSize><itemLocation><linkage Sync="TRUE">file://\\HXJ-PC\D$\VS_project\DXApplication2\DXApplication2\bin\Debug\Map\baseMap\CSX\WalkingRoad.shp</linkage><protocol Sync="TRUE">Local Area Network</protocol></itemLocation></itemProps><coordRef><type Sync="TRUE">Geographic</type><geogcsn Sync="TRUE">GCS_WGS_1984</geogcsn><peXml Sync="TRUE">&lt;GeographicCoordinateSystem xsi:type='typens:GeographicCoordinateSystem' xmlns:xsi='http://www.w3.org/2001/XMLSchema-instance' xmlns:xs='http://www.w3.org/2001/XMLSchema' xmlns:typens='http://www.esri.com/schemas/ArcGIS/10.0'&gt;&lt;WKT&gt;GEOGCS[&amp;quot;GCS_WGS_1984&amp;quot;,DATUM[&amp;quot;D_WGS_1984&amp;quot;,SPHEROID[&amp;quot;WGS_1984&amp;quot;,6378137.0,298.257223563]],PRIMEM[&amp;quot;Greenwich&amp;quot;,0.0],UNIT[&amp;quot;Degree&amp;quot;,0.0174532925199433]],VERTCS[&amp;quot;WGS_1984&amp;quot;,DATUM[&amp;quot;D_WGS_1984&amp;quot;,SPHEROID[&amp;quot;WGS_1984&amp;quot;,6378137.0,298.257223563]],PARAMETER[&amp;quot;Vertical_Shift&amp;quot;,0.0],PARAMETER[&amp;quot;Direction&amp;quot;,1.0],UNIT[&amp;quot;Meter&amp;quot;,1.0]]&lt;/WKT&gt;&lt;XOrigin&gt;-399.99999999999989&lt;/XOrigin&gt;&lt;YOrigin&gt;-399.99999999999989&lt;/YOrigin&gt;&lt;XYScale&gt;11258999068426.24&lt;/XYScale&gt;&lt;ZOrigin&gt;-100000&lt;/ZOrigin&gt;&lt;ZScale&gt;10000&lt;/ZScale&gt;&lt;MOrigin&gt;-100000&lt;/MOrigin&gt;&lt;MScale&gt;10000&lt;/MScale&gt;&lt;XYTolerance&gt;8.9831528411952133e-009&lt;/XYTolerance&gt;&lt;ZTolerance&gt;0.001&lt;/ZTolerance&gt;&lt;MTolerance&gt;0.001&lt;/MTolerance&gt;&lt;HighPrecision&gt;true&lt;/HighPrecision&gt;&lt;LeftLongitude&gt;-180&lt;/LeftLongitude&gt;&lt;WKID&gt;4326&lt;/WKID&gt;&lt;VCSWKID&gt;115700&lt;/VCSWKID&gt;&lt;/GeographicCoordinateSystem&gt;</peXml></coordRef></DataProperties></Esri><idinfo><native Sync="TRUE">Microsoft Windows 2000 Version 5.2 (Build 3790) Service Pack 2; ESRI ArcCatalog 9.3.1.3000</native><descript><langdata Sync="TRUE">zh</langdata><abstract>REQUIRED: A brief narrative summary of the data set.</abstract><purpose>REQUIRED: A summary of the intentions with which the data set was developed.</purpose></descript><citation><citeinfo><origin>REQUIRED: The name of an organization or individual that developed the data set.</origin><pubdate>REQUIRED: The date when the data set is published or otherwise made available for release.</pubdate><title Sync="TRUE">DH_PL行人道路_Clip</title><ftname Sync="TRUE">DH_PL行人道路_Clip</ftname><geoform Sync="TRUE">vector digital data</geoform><onlink Sync="TRUE">\\CDZD-45CAE7E9A2\E\msd_mxd_gdb\全国总队.gdb</onlink></citeinfo></citation><timeperd><current>REQUIRED: The basis on which the time period of content information is determined.</current><timeinfo><sngdate><caldate>REQUIRED: The year (and optionally month, or month and day) for which the data set corresponds to the ground.</caldate></sngdate></timeinfo></timeperd><status><progress>REQUIRED: The state of the data set.</progress><update>REQUIRED: The frequency with which changes and additions are made to the data set after the initial data set is completed.</update></status><spdom><bounding><westbc Sync="TRUE">REQUIRED: Western-most coordinate of the limit of coverage expressed in longitude.</westbc><eastbc Sync="TRUE">REQUIRED: Eastern-most coordinate of the limit of coverage expressed in longitude.</eastbc><northbc Sync="TRUE">REQUIRED: Northern-most coordinate of the limit of coverage expressed in latitude.</northbc><southbc Sync="TRUE">REQUIRED: Southern-most coordinate of the limit of coverage expressed in latitude.</southbc></bounding></spdom><keywords><theme><themekt>REQUIRED: Reference to a formally registered thesaurus or a similar authoritative source of theme keywords.</themekt><themekey>REQUIRED: Common-use word or phrase used to describe the subject of the data set.</themekey></theme></keywords><accconst>REQUIRED: Restrictions and legal prerequisites for accessing the data set.</accconst><useconst>REQUIRED: Restrictions and legal prerequisites for using the data set after access is granted.</useconst><natvform Sync="TRUE">File Geodatabase Feature Class</natvform></idinfo><dataIdInfo><envirDesc Sync="TRUE"> Version 6.2 (Build 9200) ; ESRI ArcGIS 10.0.0.2414</envirDesc><dataLang><languageCode Sync="TRUE" value="zho" country="CHN"></languageCode></dataLang><idCitation><resTitle Sync="TRUE">WalkingRoad</resTitle><presForm><PresFormCd Sync="TRUE" value="005"></PresFormCd></presForm></idCitation><spatRpType><SpatRepTypCd Sync="TRUE" value="001"></SpatRepTypCd></spatRpType><descKeys><thesaName uuidref="723f6998-058e-11dc-8314-0800200c9a66"></thesaName><keyword Sync="TRUE">002</keyword></descKeys></dataIdInfo><metainfo><langmeta Sync="TRUE">zh</langmeta><metstdn Sync="TRUE">FGDC Content Standards for Digital Geospatial Metadata</metstdn><metstdv Sync="TRUE">FGDC-STD-001-1998</metstdv><mettc Sync="TRUE">local time</mettc><metc><cntinfo><cntorgp><cntper>REQUIRED: The person responsible for the metadata information.</cntper><cntorg>REQUIRED: The organization responsible for the metadata information.</cntorg></cntorgp><cntaddr><addrtype>REQUIRED: The mailing and/or physical address for the organization or individual.</addrtype><city>REQUIRED: The city of the address.</city><state>REQUIRED: The state or province of the address.</state><postal>REQUIRED: The ZIP or other postal code of the address.</postal></cntaddr><cntvoice>REQUIRED: The telephone number by which individuals can speak to the organization or individual.</cntvoice></cntinfo></metc><metd Sync="TRUE">20130626</metd></metainfo><mdLang><languageCode Sync="TRUE" value="zho"></languageCode></mdLang><mdStanName Sync="TRUE">ISO 19115 Geographic Information - Metadata</mdStanName><mdStanVer Sync="TRUE">DIS_ESRI1.0</mdStanVer><mdChar><CharSetCd Sync="TRUE" value="004"></CharSetCd></mdChar><mdHrLv><ScopeCd Sync="TRUE" value="005"></ScopeCd></mdHrLv><mdHrLvName Sync="TRUE">dataset</mdHrLvName><distinfo><resdesc Sync="TRUE">Downloadable Data</resdesc><stdorder><digform><digtinfo><transize Sync="TRUE">0.000</transize><dssize Sync="TRUE">0.000</dssize></digtinfo></digform></stdorder></distinfo><distInfo><distributor><distorTran><onLineSrc><orDesc Sync="TRUE">002</orDesc><linkage Sync="TRUE">file://\\CDZD-45CAE7E9A2\E\msd_mxd_gdb\全国总队.gdb</linkage><protocol Sync="TRUE">Local Area Network</protocol></onLineSrc><transSize Sync="TRUE">0.000</transSize></distorTran><distorFormat><formatName Sync="TRUE">File Geodatabase Feature Class</formatName></distorFormat></distributor><distFormat><formatName Sync="TRUE">Shapefile</formatName></distFormat><distTranOps><transSize Sync="TRUE">0.000</transSize></distTranOps></distInfo><spdoinfo><direct Sync="TRUE">Vector</direct><ptvctinf><esriterm Name="WalkingRoad"><efeatyp Sync="TRUE">Simple</efeatyp><efeageom Sync="TRUE">3</efeageom><esritopo Sync="TRUE">FALSE</esritopo><efeacnt Sync="TRUE">0</efeacnt><spindex Sync="TRUE">FALSE</spindex><linrefer Sync="TRUE">FALSE</linrefer></esriterm></ptvctinf></spdoinfo><spref><horizsys><cordsysn><geogcsn Sync="TRUE">GCS_WGS_1984</geogcsn></cordsysn><geograph><geogunit Sync="TRUE">Decimal degrees</geogunit><latres Sync="TRUE">0.000000</latres><longres Sync="TRUE">0.000000</longres></geograph><geodetic><horizdn Sync="TRUE">D_WGS_1984</horizdn><ellips Sync="TRUE">WGS_1984</ellips><semiaxis Sync="TRUE">6378137.000000</semiaxis><denflat Sync="TRUE">298.257224</denflat></geodetic></horizsys><vertdef><altsys><altenc Sync="TRUE">Explicit elevation coordinate included with horizontal coordinates</altenc><altres Sync="TRUE">0.000100</altres></altsys></vertdef></spref><refSysInfo><RefSystem><refSysID><identCode Sync="TRUE" code="4326">GCS_WGS_1984</identCode><idCodeSpace Sync="TRUE">EPSG</idCodeSpace><idVersion Sync="TRUE">7.4.1</idVersion></refSysID></RefSystem></refSysInfo><spatRepInfo><VectSpatRep><topLvl><TopoLevCd Sync="TRUE" value="001"></TopoLevCd></topLvl><geometObjs Name="DH_PL行人道路_Clip"><geoObjTyp><GeoObjTypCd Sync="TRUE" value="002"></GeoObjTypCd><geoObjCnt Sync="TRUE">0</geoObjCnt></geoObjTyp><geoObjCnt Sync="TRUE">0</geoObjCnt></geometObjs></VectSpatRep></spatRepInfo><eainfo><detailed Name="WalkingRoad"><enttyp><enttypl Sync="TRUE">WalkingRoad</enttypl><enttypt Sync="TRUE">Feature Class</enttypt><enttypc Sync="TRUE">0</enttypc></enttyp><attr><attrlabl Sync="TRUE">FID</attrlabl><attalias Sync="TRUE">FID</attalias><attrtype Sync="TRUE">OID</attrtype><attwidth Sync="TRUE">4</attwidth><atprecis Sync="TRUE">0</atprecis><attscale Sync="TRUE">0</attscale><attrdef Sync="TRUE">Internal feature number.</attrdef><attrdefs Sync="TRUE">ESRI</attrdefs><attrdomv><udom Sync="TRUE">Sequential unique whole numbers that are automatically generated.</udom></attrdomv></attr><attr><attrlabl Sync="TRUE">Shape</attrlabl><attalias Sync="TRUE">Shape</attalias><attrtype Sync="TRUE">Geometry</attrtype><attwidth Sync="TRUE">0</attwidth><atprecis Sync="TRUE">0</atprecis><attscale Sync="TRUE">0</attscale><attrdef Sync="TRUE">Feature geometry.</attrdef><attrdefs Sync="TRUE">ESRI</attrdefs><attrdomv><udom Sync="TRUE">Coordinates defining the features.</udom></attrdomv></attr><attr><attrlabl Sync="TRUE">MapID</attrlabl><attalias Sync="TRUE">MapID</attalias><attrtype Sync="TRUE">String</attrtype><attwidth Sync="TRUE">8</attwidth><atprecis Sync="TRUE">0</atprecis><attscale Sync="TRUE">0</attscale></attr><attr><attrlabl Sync="TRUE">ID</attrlabl><attalias Sync="TRUE">ID</attalias><attrtype Sync="TRUE">String</attrtype><attwidth Sync="TRUE">13</attwidth><atprecis Sync="TRUE">0</atprecis><attscale Sync="TRUE">0</attscale></attr><attr><attrlabl Sync="TRUE">Kind_num</attrlabl><attalias Sync="TRUE">Kind_num</attalias><attrtype Sync="TRUE">String</attrtype><attwidth Sync="TRUE">2</attwidth><atprecis Sync="TRUE">0</atprecis><attscale Sync="TRUE">0</attscale></attr><attr><attrlabl Sync="TRUE">Kind</attrlabl><attalias Sync="TRUE">Kind</attalias><attrtype Sync="TRUE">String</attrtype><attwidth Sync="TRUE">23</attwidth><atprecis Sync="TRUE">0</atprecis><attscale Sync="TRUE">0</attscale></attr><attr><attrlabl Sync="TRUE">Width</attrlabl><attalias Sync="TRUE">Width</attalias><attrtype Sync="TRUE">String</attrtype><attwidth Sync="TRUE">3</attwidth><atprecis Sync="TRUE">0</atprecis><attscale Sync="TRUE">0</attscale></attr><attr><attrlabl Sync="TRUE">Direction</attrlabl><attalias Sync="TRUE">Direction</attalias><attrtype Sync="TRUE">String</attrtype><attwidth Sync="TRUE">1</attwidth><atprecis Sync="TRUE">0</atprecis><attscale Sync="TRUE">0</attscale></attr><attr><attrlabl Sync="TRUE">SnodeID</attrlabl><attalias Sync="TRUE">SnodeID</attalias><attrtype Sync="TRUE">String</attrtype><attwidth Sync="TRUE">13</attwidth><atprecis Sync="TRUE">0</atprecis><attscale Sync="TRUE">0</attscale></attr><attr><attrlabl Sync="TRUE">EnodeID</attrlabl><attalias Sync="TRUE">EnodeID</attalias><attrtype Sync="TRUE">String</attrtype><attwidth Sync="TRUE">13</attwidth><atprecis Sync="TRUE">0</atprecis><attscale Sync="TRUE">0</attscale></attr><attr><attrlabl Sync="TRUE">PathClass</attrlabl><attalias Sync="TRUE">PathClass</attalias><attrtype Sync="TRUE">String</attrtype><attwidth Sync="TRUE">2</attwidth><atprecis Sync="TRUE">0</atprecis><attscale Sync="TRUE">0</attscale></attr><attr><attrlabl Sync="TRUE">Length</attrlabl><attalias Sync="TRUE">Length</attalias><attrtype Sync="TRUE">String</attrtype><attwidth Sync="TRUE">8</attwidth><atprecis Sync="TRUE">0</atprecis><attscale Sync="TRUE">0</attscale></attr><attr><attrlabl Sync="TRUE">Through</attrlabl><attalias Sync="TRUE">Through</attalias><attrtype Sync="TRUE">String</attrtype><attwidth Sync="TRUE">1</attwidth><atprecis Sync="TRUE">0</atprecis><attscale Sync="TRUE">0</attscale></attr><attr><attrlabl Sync="TRUE">UnThruCRID</attrlabl><attalias Sync="TRUE">UnThruCRID</attalias><attrtype Sync="TRUE">String</attrtype><attwidth Sync="TRUE">13</attwidth><atprecis Sync="TRUE">0</atprecis><attscale Sync="TRUE">0</attscale></attr><attr><attrlabl Sync="TRUE">AdminCodeL</attrlabl><attalias Sync="TRUE">AdminCodeL</attalias><attrtype Sync="TRUE">String</attrtype><attwidth Sync="TRUE">6</attwidth><atprecis Sync="TRUE">0</atprecis><attscale Sync="TRUE">0</attscale></attr><attr><attrlabl Sync="TRUE">AdminCodeR</attrlabl><attalias Sync="TRUE">AdminCodeR</attalias><attrtype Sync="TRUE">String</attrtype><attwidth Sync="TRUE">6</attwidth><atprecis Sync="TRUE">0</atprecis><attscale Sync="TRUE">0</attscale></attr><attr><attrlabl Sync="TRUE">OnewayCRID</attrlabl><attalias Sync="TRUE">OnewayCRID</attalias><attrtype Sync="TRUE">String</attrtype><attwidth Sync="TRUE">13</attwidth><atprecis Sync="TRUE">0</atprecis><attscale Sync="TRUE">0</attscale></attr><attr><attrlabl Sync="TRUE">AccessCRID</attrlabl><attalias Sync="TRUE">AccessCRID</attalias><attrtype Sync="TRUE">String</attrtype><attwidth Sync="TRUE">13</attwidth><atprecis Sync="TRUE">0</atprecis><attscale Sync="TRUE">0</attscale></attr><attr><attrlabl Sync="TRUE">Elevated</attrlabl><attalias Sync="TRUE">Elevated</attalias><attrtype Sync="TRUE">String</attrtype><attwidth Sync="TRUE">1</attwidth><atprecis Sync="TRUE">0</atprecis><attscale Sync="TRUE">0</attscale></attr><attr><attrlabl Sync="TRUE">OID_</attrlabl><attalias Sync="TRUE">OID_</attalias><attrtype Sync="TRUE">Integer</attrtype><attwidth Sync="TRUE">9</attwidth><atprecis Sync="TRUE">9</atprecis><attscale Sync="TRUE">0</attscale></attr><attr><attrlabl Sync="TRUE">MapID_1</attrlabl><attalias Sync="TRUE">MapID_1</attalias><attrtype Sync="TRUE">String</attrtype><attwidth Sync="TRUE">8</attwidth><atprecis Sync="TRUE">0</atprecis><attscale Sync="TRUE">0</attscale></attr><attr><attrlabl Sync="TRUE">ID_1</attrlabl><attalias Sync="TRUE">ID_1</attalias><attrtype Sync="TRUE">String</attrtype><attwidth Sync="TRUE">13</attwidth><atprecis Sync="TRUE">0</atprecis><attscale Sync="TRUE">0</attscale></attr><attr><attrlabl Sync="TRUE">Route_ID</attrlabl><attalias Sync="TRUE">Route_ID</attalias><attrtype Sync="TRUE">String</attrtype><attwidth Sync="TRUE">13</attwidth><atprecis Sync="TRUE">0</atprecis><attscale Sync="TRUE">0</attscale></attr><attr><attrlabl Sync="TRUE">Name_Kind</attrlabl><attalias Sync="TRUE">Name_Kind</attalias><attrtype Sync="TRUE">String</attrtype><attwidth Sync="TRUE">1</attwidth><atprecis Sync="TRUE">0</atprecis><attscale Sync="TRUE">0</attscale></attr><attr><attrlabl Sync="TRUE">Name_Type</attrlabl><attalias Sync="TRUE">Name_Type</attalias><attrtype Sync="TRUE">String</attrtype><attwidth Sync="TRUE">1</attwidth><atprecis Sync="TRUE">0</atprecis><attscale Sync="TRUE">0</attscale></attr><attr><attrlabl Sync="TRUE">OID_1</attrlabl><attalias Sync="TRUE">OID_1</attalias><attrtype Sync="TRUE">Integer</attrtype><attwidth Sync="TRUE">9</attwidth><atprecis Sync="TRUE">9</atprecis><attscale Sync="TRUE">0</attscale></attr><attr><attrlabl Sync="TRUE">Route_ID_1</attrlabl><attalias Sync="TRUE">Route_ID_1</attalias><attrtype Sync="TRUE">String</attrtype><attwidth Sync="TRUE">13</attwidth><atprecis Sync="TRUE">0</atprecis><attscale Sync="TRUE">0</attscale></attr><attr><attrlabl Sync="TRUE">Route_Kind</attrlabl><attalias Sync="TRUE">Route_Kind</attalias><attrtype Sync="TRUE">String</attrtype><attwidth Sync="TRUE">2</attwidth><atprecis Sync="TRUE">0</atprecis><attscale Sync="TRUE">0</attscale></attr><attr><attrlabl Sync="TRUE">PathName</attrlabl><attalias Sync="TRUE">PathName</attalias><attrtype Sync="TRUE">String</attrtype><attwidth Sync="TRUE">60</attwidth><atprecis Sync="TRUE">0</atprecis><attscale Sync="TRUE">0</attscale></attr><attr><attrlabl Sync="TRUE">PathPY</attrlabl><attalias Sync="TRUE">PathPY</attalias><attrtype Sync="TRUE">String</attrtype><attwidth Sync="TRUE">160</attwidth><atprecis Sync="TRUE">0</atprecis><attscale Sync="TRUE">0</attscale></attr><attr><attrlabl Sync="TRUE">PreName</attrlabl><attalias Sync="TRUE">PreName</attalias><attrtype Sync="TRUE">String</attrtype><attwidth Sync="TRUE">6</attwidth><atprecis Sync="TRUE">0</atprecis><attscale Sync="TRUE">0</attscale></attr><attr><attrlabl Sync="TRUE">PrePY</attrlabl><attalias Sync="TRUE">PrePY</attalias><attrtype Sync="TRUE">String</attrtype><attwidth Sync="TRUE">20</attwidth><atprecis Sync="TRUE">0</atprecis><attscale Sync="TRUE">0</attscale></attr><attr><attrlabl Sync="TRUE">BaseName</attrlabl><attalias Sync="TRUE">BaseName</attalias><attrtype Sync="TRUE">String</attrtype><attwidth Sync="TRUE">60</attwidth><atprecis Sync="TRUE">0</atprecis><attscale Sync="TRUE">0</attscale></attr><attr><attrlabl Sync="TRUE">BasePY</attrlabl><attalias Sync="TRUE">BasePY</attalias><attrtype Sync="TRUE">String</attrtype><attwidth Sync="TRUE">160</attwidth><atprecis Sync="TRUE">0</atprecis><attscale Sync="TRUE">0</attscale></attr><attr><attrlabl Sync="TRUE">StTpName</attrlabl><attalias Sync="TRUE">StTpName</attalias><attrtype Sync="TRUE">String</attrtype><attwidth Sync="TRUE">15</attwidth><atprecis Sync="TRUE">0</atprecis><attscale Sync="TRUE">0</attscale></attr><attr><attrlabl Sync="TRUE">StTpPY</attrlabl><attalias Sync="TRUE">StTpPY</attalias><attrtype Sync="TRUE">String</attrtype><attwidth Sync="TRUE">30</attwidth><atprecis Sync="TRUE">0</atprecis><attscale Sync="TRUE">0</attscale></attr><attr><attrlabl Sync="TRUE">SurName</attrlabl><attalias Sync="TRUE">SurName</attalias><attrtype Sync="TRUE">String</attrtype><attwidth Sync="TRUE">6</attwidth><atprecis Sync="TRUE">0</atprecis><attscale Sync="TRUE">0</attscale></attr><attr><attrlabl Sync="TRUE">SurPY</attrlabl><attalias Sync="TRUE">SurPY</attalias><attrtype Sync="TRUE">String</attrtype><attwidth Sync="TRUE">20</attwidth><atprecis Sync="TRUE">0</atprecis><attscale Sync="TRUE">0</attscale></attr><attr><attrlabl Sync="TRUE">Language</attrlabl><attalias Sync="TRUE">Language</attalias><attrtype Sync="TRUE">String</attrtype><attwidth Sync="TRUE">2</attwidth><atprecis Sync="TRUE">0</atprecis><attscale Sync="TRUE">0</attscale></attr><attr><attrlabl Sync="TRUE">StTpLoc</attrlabl><attalias Sync="TRUE">StTpLoc</attalias><attrtype Sync="TRUE">String</attrtype><attwidth Sync="TRUE">1</attwidth><atprecis Sync="TRUE">0</atprecis><attscale Sync="TRUE">0</attscale></attr><attr><attrlabl Sync="TRUE">Shape_Leng</attrlabl><attalias Sync="TRUE">Shape_Leng</attalias><attrtype Sync="TRUE">Double</attrtype><attwidth Sync="TRUE">19</attwidth><atprecis Sync="TRUE">0</atprecis><attscale Sync="TRUE">0</attscale></attr></detailed></eainfo><mdDateSt Sync="TRUE">20161107</mdDateSt></metadata>
